"Date","Page","Species","Plot","Tag","Racemes","Infl_spread","Infl_done","Twist.ties","Q","Note","RecordID"
2020-05-30,1,"Thermopsis divaricarpa",1,1002,1,0,0,"NULL","NULL","",10001
2020-05-30,1,"Thermopsis divaricarpa",1,1018,5,0,0,"NULL","NULL","",10002
2020-05-30,1,"Thermopsis divaricarpa",1,1019,1,0,0,"NULL","NULL","close to 1018",10003
2020-05-30,1,"Thermopsis divaricarpa",2,1004,2,0,0,"NULL","NULL","",10004
2020-05-30,1,"Thermopsis divaricarpa",2,1007,1,0,0,"NULL","NULL","",10005
2020-05-30,1,"Thermopsis divaricarpa",2,1050,1,0,0,"NULL","NULL","bud emerging",10006
2020-05-30,1,"Thermopsis divaricarpa",2,1054,1,0,0,"NULL","NULL","bud",10008
2020-05-30,1,"Thermopsis divaricarpa",2,1023,1,0,0,"NULL","NULL","",10010
2020-05-30,1,"Thermopsis divaricarpa",2,1008,1,0,0,"NULL","NULL","",10011
2020-05-30,1,"Thermopsis divaricarpa",2,1017,2,0,0,"NULL","NULL","",10012
2020-05-30,1,"Thermopsis divaricarpa",2,1013,1,0,0,"NULL","NULL","",10013
2020-05-30,1,"Thermopsis divaricarpa",2,1011,2,0,0,"NULL","NULL","",10015
2020-05-30,1,"Thermopsis divaricarpa",2,1009,1,0,0,"NULL","NULL","b",10016
2020-05-30,1,"Thermopsis divaricarpa",2,1015,2,0,0,"NULL","NULL","",10017
2020-05-30,1,"Thermopsis divaricarpa",1,1010,3,0,0,"NULL","NULL","",10018
2020-05-30,1,"Thermopsis divaricarpa",4,1049,2,0,0,"NULL","NULL","",10019
2020-05-30,1,"Thermopsis divaricarpa",5,1027,1,0,0,"NULL","NULL","",10020
2020-05-30,1,"Thermopsis divaricarpa",5,1003,1,0,0,"NULL","NULL","",10021
2020-05-30,1,"Thermopsis divaricarpa",5,1016,3,0,0,"NULL","NULL","",10022
2020-05-30,1,"Thermopsis divaricarpa",5,1024,1,0,0,"NULL","NULL","",10023
2020-05-30,1,"Thermopsis divaricarpa",6,1001,2,0,0,"NULL","x","maybe two sept plants",10024
2020-05-30,1,"Thermopsis divaricarpa",7,1034,2,0,0,"NULL","NULL","",10025
2020-05-30,1,"Thermopsis divaricarpa",7,1030,1,0,0,"NULL","NULL","",10026
2020-05-30,1,"Thermopsis divaricarpa",7,1022,1,0,0,"NULL","NULL","",10027
2020-05-30,1,"Thermopsis divaricarpa",7,1039,2,0,0,"NULL","NULL","",10028
2020-05-30,1,"Thermopsis divaricarpa",8,1005,3,0,0,"NULL","NULL","",10029
2020-05-30,1,"Thermopsis divaricarpa",9,1052,5,0,0,"NULL","NULL","",10030
2020-05-30,1,"Thermopsis divaricarpa",9,1047,3,0,0,"NULL","NULL","",10031
2020-05-30,1,"Thermopsis divaricarpa",9,1032,1,0,0,"NULL","NULL","",10032
2020-05-30,1,"Thermopsis divaricarpa",10,1042,3,0,0,"NULL","NULL","",10033
2020-05-30,1,"Thermopsis divaricarpa",10,1041,1,0,0,"NULL","NULL","",10034
2020-05-30,1,"Thermopsis divaricarpa",10,1053,1,0,0,"NULL","NULL","",10035
2020-05-30,2,"Thermopsis divaricarpa",12,1006,1,0,0,"NULL","NULL","",10036
2020-05-30,2,"Thermopsis divaricarpa",12,1048,3,0,0,"NULL","NULL","",10037
2020-05-30,2,"Thermopsis divaricarpa",21,1046,2,0,0,"NULL","NULL","",10038
2020-05-30,2,"Thermopsis divaricarpa",21,1033,1,0,0,"NULL","NULL","",10039
2020-05-30,2,"Thermopsis divaricarpa",22,1038,1,0,0,"NULL","NULL","",10041
2020-05-30,2,"Thermopsis divaricarpa",22,1025,3,0,0,"NULL","NULL","",10042
2020-05-30,2,"Thermopsis divaricarpa",22,1043,1,0,0,"NULL","NULL","",10043
2020-05-30,2,"Thermopsis divaricarpa",24,1026,1,0,0,"NULL","NULL","",10044
2020-05-30,2,"Thermopsis divaricarpa",24,1045,1,0,0,"NULL","NULL","",10045
2020-05-30,2,"Thermopsis divaricarpa",24,1040,2,0,0,"NULL","NULL","",10046
2020-05-30,2,"Thermopsis divaricarpa",24,1051,5,0,0,"NULL","NULL","",10047
2020-05-30,2,"Thermopsis divaricarpa",46,1029,2,0,0,"NULL","NULL","yellow visible",10048
2020-05-30,2,"Thermopsis divaricarpa",48,1031,2,0,0,"NULL","NULL","yellow on one",10049
2020-05-30,2,"Thermopsis divaricarpa",48,1036,4,0,0,"NULL","NULL","yellow on one",10050
2020-05-30,2,"Thermopsis divaricarpa",48,1012,4,0,0,"NULL","NULL","yellow on one",10051
2020-05-30,2,"Thermopsis divaricarpa",50,1028,3,0,0,"NULL","NULL","bud only",10052
2020-06-02,2,"Thermopsis divaricarpa",3,1073,1,0,0,"NULL","NULL","new bolt in shade",10053
2020-06-02,2,"Thermopsis divaricarpa",2,1054,1,0,0,"NULL","NULL","bud; same as 1014?",10055
2020-06-02,2,"Thermopsis divaricarpa",2,1023,2,0,0,"NULL","NULL","1 bud",10056
2020-06-02,2,"Thermopsis divaricarpa",2,1009,1,0,0,"NULL","NULL","bud",10058
2020-06-02,2,"Thermopsis divaricarpa",2,1008,1,0,0,"NULL","NULL","bud",10059
2020-06-02,2,"Thermopsis divaricarpa",14,1081,1,0,0,"NULL","NULL","yellow visible",10061
2020-06-02,2,"Thermopsis divaricarpa",14,1067,2,0,0,"NULL","NULL","yellow visible 1 raceme only",10062
2020-06-02,2,"Thermopsis divaricarpa",14,1077,1,0,0,"NULL","NULL","yellow visible posibly 4 raceme plant",10063
2020-06-02,2,"Thermopsis divaricarpa",14,1120,2,0,0,"NULL","NULL","yellow visble 1 raceme 1 bud",10064
2020-06-02,2,"Thermopsis divaricarpa",14,1070,1,0,0,"NULL","x","yellow visible 2 rosette north neighbor",10065
2020-06-02,2,"Thermopsis divaricarpa",10,1053,2,0,0,"NULL","x","1 bud; 3 ros?",10066
2020-06-02,2,"Thermopsis divaricarpa",10,1042,3,0,0,"NULL","x","1 bud; 4 ros?",10067
2020-06-02,3,"Thermopsis divaricarpa",10,1088,1,0,0,"NULL","NULL","in plot!",10068
2020-06-02,3,"Thermopsis divaricarpa",10,1062,4,0,0,"NULL","x","5 rac? 1b",10069
2020-06-02,3,"Thermopsis divaricarpa",12,1048,2,0,0,"NULL","NULL","1b; 1 dry b",10070
2020-06-02,3,"Thermopsis divaricarpa",22,1025,3,0,0,"NULL","NULL","3b",10071
2020-06-02,3,"Thermopsis divaricarpa",22,1038,2,0,0,"NULL","NULL","1b",10072
2020-06-02,3,"Thermopsis divaricarpa",22,1043,1,0,0,"NULL","NULL","b",10073
2020-06-02,3,"Thermopsis divaricarpa",22,1060,2,0,0,"NULL","NULL","1b",10074
2020-06-02,3,"Thermopsis divaricarpa",22,1057,2,0,0,"NULL","NULL","2b",10075
2020-06-02,3,"Thermopsis divaricarpa",22,1079,1,0,0,"NULL","NULL","1b",10076
2020-06-02,3,"Thermopsis divaricarpa",22,1071,2,0,0,"NULL","NULL","2b",10077
2020-06-02,3,"Thermopsis divaricarpa",22,1119,2,0,0,"NULL","NULL","1b",10078
2020-06-02,3,"Thermopsis divaricarpa",22,1056,2,0,0,"NULL","NULL","1b",10079
2020-06-02,3,"Thermopsis divaricarpa",22,1055,1,0,0,"NULL","NULL","1b",10080
2020-06-02,3,"Thermopsis divaricarpa",22,1065,2,0,0,"NULL","NULL","1b",10081
2020-06-02,3,"Thermopsis divaricarpa",22,1084,5,0,0,"NULL","NULL","1b",10082
2020-06-02,3,"Thermopsis divaricarpa",26,1114,2,0,0,"NULL","NULL","1b",10083
2020-06-02,3,"Thermopsis divaricarpa",26,1082,3,0,0,"NULL","NULL","2b",10084
2020-06-02,3,"Thermopsis divaricarpa",25,1105,1,0,0,"NULL","NULL","b",10085
2020-06-02,3,"Thermopsis divaricarpa",25,1080,2,0,0,"NULL","NULL","2b",10086
2020-06-02,3,"Thermopsis divaricarpa",25,1106,1,0,0,"NULL","NULL","1b",10087
2020-06-02,3,"Thermopsis divaricarpa",25,1113,1,0,0,"NULL","NULL","b",10088
2020-06-02,3,"Thermopsis divaricarpa",25,1116,2,0,0,"NULL","NULL","2b",10089
2020-06-02,3,"Thermopsis divaricarpa",25,1110,1,0,0,"NULL","NULL","b",10090
2020-06-02,3,"Thermopsis divaricarpa",25,1103,1,0,0,"NULL","NULL","b",10091
2020-06-02,3,"Thermopsis divaricarpa",31,1107,2,0,0,"NULL","NULL","2b",10092
2020-06-02,3,"Thermopsis divaricarpa",31,1094,4,0,0,"NULL; NULL","","1b; 1b; 1094+1099 records merged SN Jan 2021",10093
2020-06-02,3,"Thermopsis divaricarpa",31,1100,2,0,0,"NULL","NULL","1b",10094
2020-06-02,3,"Thermopsis divaricarpa",31,1101,3,0,0,"NULL","NULL","1b",10095
2020-06-02,3,"Thermopsis divaricarpa",31,1091,5,0,0,"NULL","NULL","5b",10096
2020-06-02,3,"Thermopsis divaricarpa",31,1098,2,0,0,"NULL","NULL","1b",10097
2020-06-02,4,"Thermopsis divaricarpa",24,1045,1,0,0,"NULL","NULL","1b",10100
2020-06-02,4,"Thermopsis divaricarpa",24,1026,1,0,0,"NULL","NULL","b",10101
2020-06-02,4,"Thermopsis divaricarpa",24,1040,2,0,0,"NULL","NULL","2b",10102
2020-06-02,4,"Thermopsis divaricarpa",24,1064,1,0,0,"NULL","NULL","b",10103
2020-06-02,4,"Thermopsis divaricarpa",27,1078,1,0,0,"NULL","NULL","b",10104
2020-06-02,4,"Thermopsis divaricarpa",27,1061,1,0,0,"NULL","NULL","b",10105
2020-06-02,4,"Thermopsis divaricarpa",27,1097,3,0,0,"NULL","NULL","1b",10106
2020-06-02,4,"Thermopsis divaricarpa",27,1108,2,0,0,"NULL","NULL","1b",10107
2020-06-02,4,"Thermopsis divaricarpa",27,1092,2,0,0,"NULL","NULL","1b",10108
2020-06-02,4,"Thermopsis divaricarpa",32,1109,1,0,0,"NULL","NULL","1b",10109
2020-06-02,4,"Thermopsis divaricarpa",33,1059,5,0,0,"NULL","NULL","2b",10110
2020-06-02,4,"Thermopsis divaricarpa",44,1058,3,0,0,"NULL","NULL","3b",10111
2020-06-02,4,"Thermopsis divaricarpa",45,1035,5,0,0,"NULL","NULL","2b",10112
2020-06-02,4,"Thermopsis divaricarpa",45,1020,1,0,0,"NULL","NULL","b",10113
2020-06-02,4,"Thermopsis divaricarpa",45,1096,1,0,0,"NULL","NULL","b",10114
2020-06-02,4,"Thermopsis divaricarpa",45,1112,1,0,0,"NULL","NULL","b",10115
2020-06-02,4,"Thermopsis divaricarpa",46,1087,3,0,0,"wh","NULL","2b",10116
2020-06-02,4,"Thermopsis divaricarpa",46,1029,2,1,0,"NULL","NULL","1b",10117
2020-06-02,4,"Thermopsis divaricarpa",46,1089,1,0,0,"NULL","NULL","b",10118
2020-06-02,4,"Thermopsis divaricarpa",46,1115,2,0,0,"NULL","NULL","1b; 1 yv",10119
2020-06-02,4,"Thermopsis divaricarpa",47,1066,3,0,0,"NULL","NULL","1b",10120
2020-06-02,4,"Thermopsis divaricarpa",47,1037,3,0,0,"NULL","NULL","3b",10121
2020-06-02,4,"Thermopsis divaricarpa",47,1118,3,0,0,"NULL","NULL","2b",10122
2020-06-02,4,"Thermopsis divaricarpa",47,1086,1,0,0,"NULL","NULL","b",10123
2020-06-02,4,"Thermopsis divaricarpa",47,1072,1,0,0,"NULL","NULL","b",10124
2020-06-02,4,"Thermopsis divaricarpa",47,1093,1,0,0,"NULL","NULL","b",10125
2020-06-02,4,"Thermopsis divaricarpa",48,1102,2,0,0,"NULL","NULL","1 yv",10126
2020-06-02,4,"Thermopsis divaricarpa",48,1083,2,0,0,"NULL","NULL","1 yv",10127
2020-06-02,4,"Thermopsis divaricarpa",48,1036,3,0,0,"NULL","NULL","1 yv",10128
2020-06-02,4,"Thermopsis divaricarpa",48,1090,1,2,0,"NULL","NULL","NULL",10129
2020-06-02,4,"Thermopsis divaricarpa",48,1085,1,2,0,"NULL","x","1 rac eaten?",10130
2020-06-02,4,"Thermopsis divaricarpa",48,1031,2,4,1,"NULL","NULL","1 yv",10131
2020-06-02,4,"Thermopsis divaricarpa",48,1069,2,0,0,"NULL","NULL","1 yv",10132
2020-06-02,4,"Thermopsis divaricarpa",48,1095,1,0,0,"NULL","NULL","1 yv",10133
2020-06-02,4,"Thermopsis divaricarpa",48,1117,1,0,0,"NULL","NULL","1 yv",10134
2020-06-02,4,"Thermopsis divaricarpa",48,1012,2,NA,1,"wh","x","forgot to record poll.",10135
2020-06-02,4,"Thermopsis divaricarpa",49,1121,2,0,0,"NULL","NULL","2 yv",10136
2020-06-02,4,"Thermopsis divaricarpa",49,1104,2,0,0,"NULL","NULL","1 yv; ran out of tags here",10137
2020-06-05,5,"Thermopsis divaricarpa",51,1237,4,0,0,"NULL","NULL","1yv",10138
2020-06-05,5,"Thermopsis divaricarpa",51,1226,3,0,0,"NULL","NULL","1yv",10139
2020-06-05,5,"Thermopsis divaricarpa",50,1028,4,0,0,"NULL","NULL","1yv",10140
2020-06-05,5,"Thermopsis divaricarpa",50,1225,2,0,0,"NULL","NULL","1yv; separate from 4 rac. pla to E",10141
2020-06-05,5,"Thermopsis divaricarpa",49,1121,2,3,0,"wh3","NULL","4 pres. pollen; Bombus on tt",10142
2020-06-05,5,"Thermopsis divaricarpa",49,1270,1,2,0,"NULL","","v. close to 1243; 1270+1228 records merged SN Jan 2021",10143
2020-06-05,5,"Thermopsis divaricarpa",49,1243,1,0,0,"NULL","x","v. close to 1228; yv",10144
2020-06-05,5,"Thermopsis divaricarpa",49,1241,3,0,0,"NULL","x","1 yv; 2 poss neighb rac",10145
2020-06-05,5,"Thermopsis divaricarpa",49,1232,1,0,0,"NULL","NULL","yv",10146
2020-06-05,5,"Thermopsis divaricarpa",49,1161,1,0,0,"NULL","NULL","yv; 4 abt to flw",10147
2020-06-05,5,"Thermopsis divaricarpa",49,1104,1,2,0,"wh2","NULL","Bomb (red back) on Th outside plot",10148
2020-06-05,5,"Thermopsis divaricarpa",49,1236,1,0,0,"NULL","NULL","yv",10149
2020-06-05,5,"Thermopsis divaricarpa",49,1234,3,0,0,"NULL","NULL","1yv",10150
2020-06-05,5,"Thermopsis divaricarpa",48,1177,2,0,0,"NULL","NULL","1yv",10151
2020-06-05,5,"Thermopsis divaricarpa",48,1102,1,0,0,"NULL","NULL","1yv",10152
2020-06-05,5,"Thermopsis divaricarpa",48,1231,1,0,0,"NULL","NULL","spreading soon",10153
2020-06-05,5,"Thermopsis divaricarpa",48,1031,3,6,0,"wh2","NULL","trampled; new tt",10154
2020-06-05,5,"Thermopsis divaricarpa",48,1090,2,3,0,"NULL","NULL","",10155
2020-06-05,5,"Thermopsis divaricarpa",48,1036,3,5,0,"NULL","NULL","1yv; visited by large yellow + black bee (Bomb?)",10156
2020-06-05,5,"Thermopsis divaricarpa",48,1083,3,0,0,"NULL","NULL","1yv",10157
2020-06-05,5,"Thermopsis divaricarpa",48,1095,1,0,0,"NULL","NULL","yv",10158
2020-06-05,5,"Thermopsis divaricarpa",48,1117,1,0,0,"NULL","NULL","yv",10159
2020-06-05,5,"Thermopsis divaricarpa",48,1068,1,2,0,"NULL","NULL","trampled",10160
2020-06-05,5,"Thermopsis divaricarpa",48,1085,4,0,0,"NULL","NULL","1yv 1 spread soon",10161
2020-06-05,5,"Thermopsis divaricarpa",48,1229,2,0,0,"NULL","NULL","1yv",10162
2020-06-05,5,"Thermopsis divaricarpa",48,1012,5,8,0,"wh6","NULL","Bomb",10163
2020-06-05,5,"Thermopsis divaricarpa",47,1037,4,0,0,"NULL","NULL","",10164
2020-06-05,5,"Thermopsis divaricarpa",46,1029,2,2,0,"wh-open","NULL","1yv",10165
2020-06-05,5,"Thermopsis divaricarpa",46,1115,1,3,0,"wh1","NULL","",10166
2020-06-05,5,"Thermopsis divaricarpa",25,1106,1,0,0,"NULL","NULL","yv",10167
2020-06-08,6,"Thermopsis divaricarpa",14,1067,2,0,0,"NULL","x","tag u; reattachd",10168
2020-06-08,6,"Thermopsis divaricarpa",14,1070,1,4,1,"NULL","NULL","",10169
2020-06-08,6,"Thermopsis divaricarpa",14,1120,2,0,0,"NULL","NULL","soon",10170
2020-06-08,6,"Thermopsis divaricarpa",14,1081,1,0,0,"NULL","NULL","1 abt to spread",10171
2020-06-08,6,"Thermopsis divaricarpa",14,1174,2,0,0,"NULL","NULL","1 abt to spread",10172
2020-06-08,6,"Thermopsis divaricarpa",14,1160,1,1,0,"NULL","x","1 dud?",10173
2020-06-08,6,"Thermopsis divaricarpa",14,1212,1,0,0,"NULL","x","still yv; same as 1077?",10174
2020-06-08,6,"Thermopsis divaricarpa",14,1219,3,0,0,"NULL","x","3yv; maybe was 1067?",10176
2020-06-08,6,"Thermopsis divaricarpa",14,1077,3,0,0,"NULL","x","3yv; was 1212?",10177
2020-06-08,6,"Thermopsis divaricarpa",12,1048,3,0,0,"NULL","NULL","1yv",10178
2020-06-08,6,"Thermopsis divaricarpa",31,1094,3,0,0,"NULL; NULL","","yv; 1yv; 1094+1099 records merged SN Jan 2021",10179
2020-06-08,6,"Thermopsis divaricarpa",31,1238,4,0,0,"NULL","NULL","3yv",10180
2020-06-08,6,"Thermopsis divaricarpa",31,1098,2,0,0,"NULL","NULL","1 rac snapped",10182
2020-06-08,6,"Thermopsis divaricarpa",31,1101,3,0,0,"NULL","NULL","1yv",10183
2020-06-08,6,"Thermopsis divaricarpa",25,1106,1,0,0,"NULL","NULL","1yv; soon",10184
2020-06-08,6,"Thermopsis divaricarpa",25,1080,2,0,0,"NULL","NULL","1yv",10185
2020-06-08,6,"Thermopsis divaricarpa",25,1105,1,0,0,"NULL","NULL","1yv",10186
2020-06-08,6,"Thermopsis divaricarpa",25,1075,1,0,0,"NULL","NULL","yv",10187
2020-06-08,6,"Thermopsis divaricarpa",50,1028,2,0,0,"NULL","NULL","1yv; ants",10188
2020-06-08,6,"Thermopsis divaricarpa",50,1225,1,0,0,"NULL","x","1yv; recheck this",10189
2020-06-08,6,"Thermopsis divaricarpa",50,1187,1,0,0,"NULL","NULL","yv",10190
2020-06-08,6,"Thermopsis divaricarpa",50,1167,3,0,0,"NULL","NULL","2yv",10191
2020-06-08,6,"Thermopsis divaricarpa",50,1186,3,0,0,"NULL","NULL","1yv",10192
2020-06-08,6,"Thermopsis divaricarpa",51,1226,2,0,0,"NULL","NULL","2yv; soon",10193
2020-06-08,6,"Thermopsis divaricarpa",51,1237,2,0,0,"NULL","NULL","2yv",10194
2020-06-08,6,"Thermopsis divaricarpa",49,1270,1,3,0,"NULL","","; 1270+1228 records merged SN Jan 2021",10195
2020-06-08,6,"Thermopsis divaricarpa",49,1243,1,2,0,"NULL","NULL","",10196
2020-06-08,6,"Thermopsis divaricarpa",49,1234,1,1,0,"NULL","NULL","",10197
2020-06-08,6,"Thermopsis divaricarpa",49,1121,2,10,0,"wh-op","NULL","1 shriv - done?",10198
2020-06-08,6,"Thermopsis divaricarpa",49,1236,1,1,0,"NULL","NULL","",10199
2020-06-08,7,"Thermopsis divaricarpa",49,1104,1,2,0,"NULL","NULL","",10200
2020-06-08,7,"Thermopsis divaricarpa",49,1161,1,4,0,"NULL","NULL","",10201
2020-06-08,7,"Thermopsis divaricarpa",49,1232,1,0,0,"NULL","NULL","yv",10202
2020-06-08,7,"Thermopsis divaricarpa",49,1171,1,0,0,"NULL","NULL","yv",10203
2020-06-08,7,"Thermopsis divaricarpa",49,1245,1,0,0,"NULL","NULL","yv",10204
2020-06-08,7,"Thermopsis divaricarpa",49,1221,2,0,0,"NULL","NULL","1yv",10205
2020-06-08,7,"Thermopsis divaricarpa",48,1031,2,11,0,"NULL","NULL","Bomb.",10206
2020-06-08,7,"Thermopsis divaricarpa",48,1090,1,5,0,"wh","NULL","tt added",10207
2020-06-08,7,"Thermopsis divaricarpa",48,1036,4,9,1,"wh-open","NULL","",10208
2020-06-08,7,"Thermopsis divaricarpa",48,1083,2,5,0,"NULL","NULL","1yv",10209
2020-06-08,7,"Thermopsis divaricarpa",48,1012,4,13,0,"wh-open","NULL","old tt",10210
2020-06-08,7,"Thermopsis divaricarpa",48,1229,1,0,0,"NULL","NULL","yv",10211
2020-06-08,7,"Thermopsis divaricarpa",48,1085,1,4,0,"NULL","NULL","",10212
2020-06-08,7,"Thermopsis divaricarpa",48,1068,1,3,0,"NULL","NULL","",10213
2020-06-08,7,"Thermopsis divaricarpa",48,1102,1,2,NA,"NULL","NULL","",10214
2020-06-08,7,"Thermopsis divaricarpa",48,1095,1,2,NA,"NULL","NULL","",10215
2020-06-08,7,"Thermopsis divaricarpa",48,1117,1,2,NA,"NULL","NULL","",10216
2020-06-08,7,"Thermopsis divaricarpa",48,1231,1,5,NA,"NULL","NULL","",10217
2020-06-08,7,"Thermopsis divaricarpa",48,1178,1,0,NA,"NULL","NULL","yv",10218
2020-06-08,7,"Thermopsis divaricarpa",48,1180,1,0,NA,"NULL","NULL","yv",10219
2020-06-08,7,"Thermopsis divaricarpa",48,1184,3,0,NA,"NULL","NULL","1yv",10220
2020-06-08,7,"Thermopsis divaricarpa",48,1069,2,3,NA,"NULL","NULL","",10221
2020-06-08,7,"Thermopsis divaricarpa",48,1183,1,4,NA,"NULL","x","Missed before? New tag.",10222
2020-06-08,7,"Thermopsis divaricarpa",48,1182,3,2,NA,"NULL","x","Missed before? New tag.",10223
2020-06-08,7,"Thermopsis divaricarpa",48,1177,1,0,NA,"NULL","NULL","1yv",10224
2020-06-08,7,"Thermopsis divaricarpa",46,1115,1,5,NA,"wh-open","NULL","tt browning; 1 yv",10226
2020-06-08,7,"Thermopsis divaricarpa",46,1029,2,3,NA,"wh-open","NULL","1yv",10227
2020-06-08,7,"Thermopsis divaricarpa",46,1087,2,0,NA,"NULL","NULL","1yv",10228
2020-06-11,8,"Thermopsis divaricarpa",51,1226,3,2,0,"NULL","NULL","",10229
2020-06-11,8,"Thermopsis divaricarpa",51,1237,3,0,0,"wh2","x","[no infloresences listed but twist tied?]",10230
2020-06-11,8,"Thermopsis divaricarpa",51,1230,1,0,0,"NULL","NULL","yv",10231
2020-06-11,8,"Thermopsis divaricarpa",50,1028,4,0,1,"NULL","x","1 shriv",10232
2020-06-11,8,"Thermopsis divaricarpa",50,1225,2,0,0,"NULL","NULL","yv",10233
2020-06-11,8,"Thermopsis divaricarpa",50,1169,2,0,0,"NULL","NULL","1yv; new tag",10234
2020-06-11,8,"Thermopsis divaricarpa",50,1187,1,0,0,"NULL","NULL","yv",10235
2020-06-11,8,"Thermopsis divaricarpa",50,1167,3,0,0,"NULL","NULL","2yv",10236
2020-06-11,8,"Thermopsis divaricarpa",49,1161,1,5,1,"NULL","NULL","1 shriv",10237
2020-06-11,8,"Thermopsis divaricarpa",49,1234,1,1,0,"NULL","NULL","",10238
2020-06-11,8,"Thermopsis divaricarpa",49,1221,1,0,0,"NULL","NULL","yv",10239
2020-06-11,8,"Thermopsis divaricarpa",49,1171,2,0,0,"NULL","NULL","stem snapped; yv",10240
2020-06-11,8,"Thermopsis divaricarpa",49,1241,4,1,0,"wh1","NULL","2 spreading; yv; new tt",10241
2020-06-11,8,"Thermopsis divaricarpa",49,1270,2,7,0,"NULL","","; 1270+1228 records merged SN Jan 2021",10242
2020-06-11,8,"Thermopsis divaricarpa",49,1121,2,10,2,"wh-op","NULL","2 pods",10243
2020-06-11,8,"Thermopsis divaricarpa",49,1236,1,1,0,"NULL","NULL","",10244
2020-06-11,8,"Thermopsis divaricarpa",49,1104,1,2,0,"wh-op","NULL","",10245
2020-06-11,8,"Thermopsis divaricarpa",49,1232,1,1,0,"NULL","NULL","",10246
2020-06-11,8,"Thermopsis divaricarpa",49,1245,2,0,0,"NULL","NULL","1yv",10247
2020-06-11,8,"Thermopsis divaricarpa",49,1215,1,0,0,"NULL","NULL","yv",10248
2020-06-11,8,"Thermopsis divaricarpa",48,1180,1,0,0,"NULL","NULL","",10249
2020-06-11,8,"Thermopsis divaricarpa",48,1102,1,3,0,"wh3","NULL","new tt",10250
2020-06-11,8,"Thermopsis divaricarpa",48,1231,1,0,5,"NULL","NULL","all shriv",10251
2020-06-11,8,"Thermopsis divaricarpa",48,1031,2,9,3,"wh-done","NULL","",10252
2020-06-11,8,"Thermopsis divaricarpa",48,1069,1,3,0,"wh-op","NULL","",10253
2020-06-11,8,"Thermopsis divaricarpa",48,1090,1,0,0,"wh-op","NULL","",10254
2020-06-11,8,"Thermopsis divaricarpa",48,1036,4,16,2,"wh-done","NULL","2 seeding; one fl anthers no petals",10255
2020-06-11,8,"Thermopsis divaricarpa",48,1083,2,7,0,"NULL","NULL","",10256
2020-06-11,8,"Thermopsis divaricarpa",48,1189,1,0,2,"NULL","NULL","",10257
2020-06-11,8,"Thermopsis divaricarpa",48,1117,1,0,0,"NULL","NULL","grazed",10258
2020-06-11,8,"Thermopsis divaricarpa",48,1095,1,2,0,"wh1","NULL","new tt",10259
2020-06-11,8,"Thermopsis divaricarpa",48,1012,5,13,3,"wh-op","NULL","",10260
2020-06-11,8,"Thermopsis divaricarpa",48,1182,3,4,0,"NULL","NULL","",10261
2020-06-11,8,"Thermopsis divaricarpa",48,1085,1,6,0,"NULL","NULL","snapped raceme",10262
2020-06-11,9,"Thermopsis divaricarpa",48,1229,1,4,1,"NULL","NULL","",10263
2020-06-11,9,"Thermopsis divaricarpa",48,1178,1,2,0,"NULL","NULL","",10264
2020-06-11,9,"Thermopsis divaricarpa",48,1177,1,0,0,"NULL","NULL","yv",10265
2020-06-11,9,"Thermopsis divaricarpa",48,1183,1,4,0,"NULL","NULL","",10266
2020-06-11,9,"Thermopsis divaricarpa",48,1184,1,0,0,"NULL","NULL","yv",10267
2020-06-11,9,"Thermopsis divaricarpa",46,1087,3,0,0,"NULL","NULL","1yv",10268
2020-06-11,9,"Thermopsis divaricarpa",46,1115,2,6,0,"wh-op","NULL","",10269
2020-06-11,9,"Thermopsis divaricarpa",46,1029,2,0,2,"wh-done","NULL","",10270
2020-06-11,9,"Thermopsis divaricarpa",33,1059,2,0,0,"NULL","NULL","2yv",10271
2020-06-11,9,"Thermopsis divaricarpa",22,1043,1,0,0,"NULL","NULL","yv",10272
2020-06-11,9,"Thermopsis divaricarpa",31,1094,2,0,0,"NULL; NULL","","yv; yv; 1094+1099 records merged SN Jan 2021",10273
2020-06-11,9,"Thermopsis divaricarpa",31,1238,4,0,0,"NULL","NULL","3yv",10274
2020-06-11,9,"Thermopsis divaricarpa",31,1101,3,0,0,"NULL","NULL","1yv",10276
2020-06-11,9,"Thermopsis divaricarpa",25,1106,1,0,0,"NULL","NULL","yv",10277
2020-06-11,9,"Thermopsis divaricarpa",25,1075,1,0,0,"NULL","NULL","yv",10278
2020-06-11,9,"Thermopsis divaricarpa",25,1116,2,0,0,"NULL","NULL","1yv",10279
2020-06-11,9,"Thermopsis divaricarpa",27,1061,1,0,0,"NULL","NULL","1yv",10280
2020-06-11,9,"Thermopsis divaricarpa",12,1048,3,0,0,"NULL","NULL","1yv",10281
2020-06-11,9,"Thermopsis divaricarpa",6,1001,3,0,0,"NULL","NULL","1yv",10282
2020-06-11,9,"Thermopsis divaricarpa",14,1070,1,5,1,"wh-op","NULL","",10283
2020-06-11,9,"Thermopsis divaricarpa",14,1081,1,2,0,"NULL","NULL","",10284
2020-06-11,9,"Thermopsis divaricarpa",14,1174,2,1,0,"wh1","NULL","new tt",10285
2020-06-11,9,"Thermopsis divaricarpa",14,1219,3,0,0,"NULL","NULL","3yv",10286
2020-06-11,9,"Thermopsis divaricarpa",14,1120,1,2,0,"wh2","NULL","new tt",10287
2020-06-11,9,"Thermopsis divaricarpa",14,1160,1,2,1,"NULL","x","is 1077?",10288
2020-06-11,9,"Thermopsis divaricarpa",14,1077,3,1,1,"NULL","x","is 1160?",10289
2020-06-11,9,"Thermopsis divaricarpa",14,1218,2,0,0,"NULL","NULL","new tag; 1yv",10290
2020-06-11,9,"Thermopsis divaricarpa",62,1216,1,0,0,"NULL","NULL","yv",10291
2020-06-11,9,"Thermopsis divaricarpa",68,1175,1,0,0,"NULL","NULL","yv",10292
2020-06-14,10,"Thermopsis divaricarpa",62,1216,2,0,0,NA,NA,"2yv",10293
2020-06-14,10,"Thermopsis divaricarpa",62,1244,3,0,0,NA,"","1yv; 2 rac. Snapped",10294
2020-06-14,10,"Thermopsis divaricarpa",62,1214,1,0,0,NA,"","yv",10295
2020-06-14,10,"Thermopsis divaricarpa",62,1222,2,0,0,NA,"","1yv",10296
2020-06-14,10,"Thermopsis divaricarpa",68,1175,1,0,0,NA,"","yv",10297
2020-06-14,10,"Thermopsis divaricarpa",44,1154,1,2,0,"wh1","","OUTSIDE NW",10298
2020-06-14,10,"Thermopsis divaricarpa",46,1087,3,0,0,NA,"","2yv",10299
2020-06-14,10,"Thermopsis divaricarpa",46,1115,2,1,4,"wh-done","","",10300
2020-06-14,10,"Thermopsis divaricarpa",46,1029,2,2,3,NA,"","",10301
2020-06-14,10,"Thermopsis divaricarpa",46,1224,2,2,3,NA,"","1yv",10302
2020-06-14,10,"Thermopsis divaricarpa",47,1156,4,0,0,NA,"","1yv",10303
2020-06-14,10,"Thermopsis divaricarpa",48,1182,3,6,1,NA,"","Bombus",10304
2020-06-14,10,"Thermopsis divaricarpa",48,1085,2,6,1,NA,"","snapped; 1 graced stem",10305
2020-06-14,10,"Thermopsis divaricarpa",48,1177,1,0,2,NA,"","",10306
2020-06-14,10,"Thermopsis divaricarpa",48,1098,1,0,4,NA,"","",10307
2020-06-14,10,"Thermopsis divaricarpa",48,1012,5,19,5,"wh-op","","",10308
2020-06-14,10,"Thermopsis divaricarpa",48,1183,1,29,5,"wh-op","","",10309
2020-06-14,10,"Thermopsis divaricarpa",48,1068,3,1,2,NA,"","",10310
2020-06-14,10,"Thermopsis divaricarpa",48,1036,4,2,4,"wh-done","x","tt fell off; broke #2 seed off; check # on tt",10311
2020-06-14,10,"Thermopsis divaricarpa",48,1090,1,4,3,"wh-op","","",10312
2020-06-14,10,"Thermopsis divaricarpa",48,1069,1,6,1,"gone","","",10313
2020-06-14,10,"Thermopsis divaricarpa",48,1180,1,2,0,NA,"","1 aborted",10314
2020-06-14,10,"Thermopsis divaricarpa",48,1031,2,4,7,"wh-done","","1 aborted",10315
2020-06-14,10,"Thermopsis divaricarpa",48,1184,3,6,0,NA,"","",10316
2020-06-14,10,"Thermopsis divaricarpa",48,1102,1,3,0,"wh-op","","",10317
2020-06-14,10,"Thermopsis divaricarpa",48,1231,1,0,5,NA,"","",10318
2020-06-14,10,"Thermopsis divaricarpa",48,1189,1,0,0,NA,"","yv",10319
2020-06-14,10,"Thermopsis divaricarpa",48,1095,1,2,0,"wh-op","","",10320
2020-06-14,10,"Thermopsis divaricarpa",48,1117,0,0,0,NA,"","grazed",10321
2020-06-14,10,"Thermopsis divaricarpa",48,1178,1,4,2,NA,"","",10322
2020-06-14,10,"Thermopsis divaricarpa",48,1229,NA,11,0,NA,"x","raceme count missing",10323
2020-06-14,10,"Thermopsis divaricarpa",49,1171,2,4,0,"wh4","","new tt",10324
2020-06-14,11,"Thermopsis divaricarpa",49,1215,1,1,0,"wh1","","new tt",10325
2020-06-14,11,"Thermopsis divaricarpa",49,1221,1,1,0,NA,"","",10326
2020-06-14,11,"Thermopsis divaricarpa",49,1234,1,1,0,NA,"","",10327
2020-06-14,11,"Thermopsis divaricarpa",49,1241,4,12,0,"wh-op","","Bomb",10328
2020-06-14,11,"Thermopsis divaricarpa",49,1270,4,13,4,"NA","","; 1270+1228 records merged SN Jan 2021",10329
2020-06-14,11,"Thermopsis divaricarpa",49,1121,2,10,4,"wh-done","","",10330
2020-06-14,11,"Thermopsis divaricarpa",49,1245,1,3,0,NA,"","",10331
2020-06-14,11,"Thermopsis divaricarpa",49,1161,1,5,1,NA,"","",10332
2020-06-14,11,"Thermopsis divaricarpa",49,1232,1,5,0,NA,"","",10333
2020-06-14,11,"Thermopsis divaricarpa",49,1236,1,0,1,NA,"","1 aborted",10334
2020-06-14,11,"Thermopsis divaricarpa",49,1104,1,1,2,"wh-done","","",10335
2020-06-14,11,"Thermopsis divaricarpa",50,1028,4,5,1,NA,"x","baborted or done? Fl2 (counted?)",10336
2020-06-14,11,"Thermopsis divaricarpa",50,1225,1,2,0,"wh2","","new tt",10337
2020-06-14,11,"Thermopsis divaricarpa",50,1169,1,0,0,NA,"","yv",10338
2020-06-14,11,"Thermopsis divaricarpa",50,1155,1,0,0,NA,"","yv",10339
2020-06-14,11,"Thermopsis divaricarpa",50,1186,2,0,0,NA,"","1 aborted",10340
2020-06-14,11,"Thermopsis divaricarpa",50,1167,4,3,0,NA,"","",10341
2020-06-14,11,"Thermopsis divaricarpa",50,1187,1,1,0,NA,"","",10342
2020-06-14,11,"Thermopsis divaricarpa",51,1226,2,8,0,"wh-op","","",10343
2020-06-14,11,"Thermopsis divaricarpa",51,1230,1,0,0,NA,"","yv",10344
2020-06-14,11,"Thermopsis divaricarpa",51,1237,4,5,1,NA,"","1 dud",10345
2020-06-14,11,"Thermopsis divaricarpa",22,1071,2,0,0,NA,"","1yv",10346
2020-06-14,11,"Thermopsis divaricarpa",22,1043,1,1,0,NA,"","1yv",10347
2020-06-14,11,"Thermopsis divaricarpa",22,1065,2,0,0,NA,"","yv",10348
2020-06-14,11,"Thermopsis divaricarpa",31,1094,2,1,0,"wh1; wh1","","x; ; 1094+1099 records merged SN Jan 2021",10349
2020-06-14,11,"Thermopsis divaricarpa",31,1101,3,1,0,NA,"","tt 2 next time",10350
2020-06-14,11,"Thermopsis divaricarpa",31,1107,2,0,0,NA,"","1yv",10352
2020-06-14,11,"Thermopsis divaricarpa",26,1173,1,1,4,NA,"x","OUTSIDE SW; done or aborted?",10353
2020-06-14,11,"Thermopsis divaricarpa",25,1106,1,3,0,"wh3","","new tt",10354
2020-06-14,11,"Thermopsis divaricarpa",25,1116,2,0,0,NA,"","1yv",10355
2020-06-14,11,"Thermopsis divaricarpa",25,1113,1,0,0,NA,"","yv",10356
2020-06-14,11,"Thermopsis divaricarpa",25,1075,1,2,0,NA,"","",10357
2020-06-14,12,"Thermopsis divaricarpa",27,1061,1,0,0,NA,"","yv",10358
2020-06-14,12,"Thermopsis divaricarpa",27,1092,2,0,0,NA,"","1yv",10359
2020-06-14,12,"Thermopsis divaricarpa",12,1048,2,1,0,NA,"","flw looks awful",10360
2020-06-14,12,"Thermopsis divaricarpa",12,1146,1,0,0,NA,"","OUTSIDE NW; 1yv",10361
2020-06-14,12,"Thermopsis divaricarpa",10,1233,2,0,0,NA,"","1yv",10362
2020-06-14,12,"Thermopsis divaricarpa",6,1001,3,0,0,NA,"","2yv",10363
2020-06-14,12,"Thermopsis divaricarpa",14,1070,1,5,1,"wh-done","","",10364
2020-06-14,12,"Thermopsis divaricarpa",14,1219,3,2,0,NA,"","",10365
2020-06-14,12,"Thermopsis divaricarpa",14,1120,2,8,0,"wh-op","","",10366
2020-06-14,12,"Thermopsis divaricarpa",14,1160,1,4,2,NA,"","",10367
2020-06-14,12,"Thermopsis divaricarpa",14,1212,1,2,0,"wh2","","new tt",10368
2020-06-14,12,"Thermopsis divaricarpa",14,1077,3,8,1,NA,"","",10369
2020-06-14,12,"Thermopsis divaricarpa",14,1081,1,5,0,NA,"","",10370
2020-06-14,12,"Thermopsis divaricarpa",14,1174,2,5,0,"wh-op","","",10371
2020-06-14,12,"Thermopsis divaricarpa",14,1218,1,3,0,NA,"","white spider",10372
2020-06-14,12,"Thermopsis divaricarpa",1,1239,1,3,0,NA,"","OUTSIDE SE",10373
2020-06-14,12,"Thermopsis divaricarpa",2,1007,1,0,0,NA,"","yv",10374
2020-06-14,12,"Thermopsis divaricarpa",2,1054,2,0,0,NA,"","2yv; snapped",10375
2020-06-14,12,"Thermopsis divaricarpa",2,1009,1,0,0,NA,"","yv",10376
2020-06-14,12,"Thermopsis divaricarpa",2,1213,1,2,0,NA,"","OUTSIDE SW",10377
2020-06-21,17,"Thermopsis divaricarpa",61,1294,2,0,0,"","","yv",10378
2020-06-21,17,"Thermopsis divaricarpa",62,1295,1,1,0,"","x","is 1288?",10379
2020-06-21,17,"Thermopsis divaricarpa",62,1288,2,1,0,"","x","is 1295?",10380
2020-06-21,17,"Thermopsis divaricarpa",67,1291,1,0,0,"","","yv; OUTSIDE NW",10381
2020-06-21,17,"Thermopsis divaricarpa",43,1293,1,0,0,"","","yv",10382
2020-06-21,17,"Thermopsis divaricarpa",43,1292,1,0,0,"","","yv",10383
2020-06-21,17,"Thermopsis divaricarpa",43,1290,2,0,0,"","","2yv",10384
2020-06-21,17,"Thermopsis divaricarpa",43,1285,1,0,0,"","","yv",10385
2020-06-21,17,"Thermopsis divaricarpa",43,1246,2,0,0,"","","yv",10386
2020-06-21,17,"Thermopsis divaricarpa",43,1278,1,0,0,"","","yv",10387
2020-06-21,17,"Thermopsis divaricarpa",45,1265,1,0,0,"","","yv",10388
2020-06-21,17,"Thermopsis divaricarpa",45,1264,3,0,0,"","","1yv",10389
2020-06-21,17,"Thermopsis divaricarpa",45,1275,3,0,0,"","","1yv",10390
2020-06-21,17,"Thermopsis divaricarpa",45,1257,3,0,0,"","","1yv",10391
2020-06-21,17,"Thermopsis divaricarpa",46,1089,1,3,0,"","","",10392
2020-06-21,17,"Thermopsis divaricarpa",47,1066,2,0,0,"","","1yv",10393
2020-06-21,17,"Thermopsis divaricarpa",47,1072,1,3,0,"wh1","","",10394
2020-06-21,17,"Thermopsis divaricarpa",47,1093,2,0,0,"","","1yv",10395
2020-06-21,17,"Thermopsis divaricarpa",47,1118,2,0,0,"","","1yv",10396
2020-06-21,17,"Thermopsis divaricarpa",47,1086,1,0,0,"","","yv",10397
2020-06-21,17,"Thermopsis divaricarpa",48,1274,2,2,0,"","","",10398
2020-06-21,17,"Thermopsis divaricarpa",49,1270,3,1,10,"; ","","; check - 1 rac?; is 1270?; 1270+1228 records merged SN Jan 2021",10399
2020-06-21,17,"Thermopsis divaricarpa",51,1256,2,0,0,"","","1yv",10400
2020-06-21,17,"Thermopsis divaricarpa",51,1277,1,0,0,"","","yv",10401
2020-06-21,17,"Thermopsis divaricarpa",33,1266,2,0,0,"","","1yv",10402
2020-06-21,17,"Thermopsis divaricarpa",22,1079,1,0,0,"","","yv",10403
2020-06-21,17,"Thermopsis divaricarpa",22,1057,2,3,0,"","","",10404
2020-06-21,17,"Thermopsis divaricarpa",22,1060,2,0,0,"","","1yv",10405
2020-06-21,17,"Thermopsis divaricarpa",22,1055,3,2,0,"","","",10406
2020-06-21,17,"Thermopsis divaricarpa",22,1071,1,1,0,"","","",10407
2020-06-21,18,"Thermopsis divaricarpa",22,1084,3,3,0,"wh2","","Bomb",10408
2020-06-21,18,"Thermopsis divaricarpa",22,1025,3,2,0,"","","",10409
2020-06-21,18,"Thermopsis divaricarpa",22,1056,2,0,0,"","","1yv",10410
2020-06-21,18,"Thermopsis divaricarpa",22,1271,1,0,0,"","","2 duds",10411
2020-06-21,18,"Thermopsis divaricarpa",22,1297,5,0,0,"","","1yv",10412
2020-06-21,18,"Thermopsis divaricarpa",22,1119,5,0,0,"","","1yv",10413
2020-06-21,18,"Thermopsis divaricarpa",23,1272,2,0,0,"","","2 yv; OUTSIDE NE",10414
2020-06-21,18,"Thermopsis divaricarpa",21,1033,2,0,0,"","","1yv",10415
2020-06-21,18,"Thermopsis divaricarpa",31,1100,2,0,0,"","","1yv",10416
2020-06-21,18,"Thermopsis divaricarpa",26,1082,3,3,0,"","","",10418
2020-06-21,18,"Thermopsis divaricarpa",26,1250,2,0,0,"","","1yv",10419
2020-06-21,18,"Thermopsis divaricarpa",30,1255,2,0,0,"","","1yv",10420
2020-06-21,18,"Thermopsis divaricarpa",27,1076,2,3,0,"","","",10421
2020-06-21,18,"Thermopsis divaricarpa",28,1251,2,2,0,"wh2","","OUTSIDE SW; 1 grazed",10422
2020-06-21,18,"Thermopsis divaricarpa",10,1233,NA,2,1,"","","",10423
2020-06-21,18,"Thermopsis divaricarpa",10,1042,NA,1,NA,"","","",10424
2020-06-21,18,"Thermopsis divaricarpa",10,1259,NA,1,0,"","","",10425
2020-06-21,18,"Thermopsis divaricarpa",18,1258,NA,1,0,"","","OUTSIDE SW",10426
2020-06-21,18,"Thermopsis divaricarpa",2,1023,NA,3,0,"","","",10427
2020-06-21,18,"Thermopsis divaricarpa",2,1008,NA,0,0,"","","yv",10428
2020-06-21,18,"Thermopsis divaricarpa",2,1262,2,2,2,"","","",10429
2020-06-21,18,"Thermopsis divaricarpa",14,1247,1,1,2,"","","",10430
2020-06-24,24,"Thermopsis divaricarpa",1,1239,1,0,1,"whdone","","",10431
2020-06-24,24,"Thermopsis divaricarpa",3,1073,2,0,0,"","","yv",10432
2020-06-24,24,"Thermopsis divaricarpa",2,1262,1,2,3,"","","",10433
2020-06-24,24,"Thermopsis divaricarpa",2,1023,2,5,2,"","","",10434
2020-06-24,24,"Thermopsis divaricarpa",14,1247,1,1,2,"","","",10435
2020-06-24,24,"Thermopsis divaricarpa",13,1252,1,0,0,"","","yv",10436
2020-06-24,24,"Thermopsis divaricarpa",13,1261,2,0,0,"","","1yv",10437
2020-06-24,24,"Thermopsis divaricarpa",18,1258,1,3,0,"","","",10438
2020-06-24,24,"Thermopsis divaricarpa",8,1005,1,0,0,"","","yv",10439
2020-06-24,24,"Thermopsis divaricarpa",9,1253,2,1,0,"","","OUTSIDE NE",10440
2020-06-24,24,"Thermopsis divaricarpa",19,1227,2,2,0,"","","",10441
2020-06-24,24,"Thermopsis divaricarpa",10,1042,2,2,0,"","","",10442
2020-06-24,24,"Thermopsis divaricarpa",10,1259,1,2,0,"","","",10443
2020-06-24,24,"Thermopsis divaricarpa",10,1273,1,2,0,"","","1 dud/aborted",10444
2020-06-24,24,"Thermopsis divaricarpa",31,1248,3,1,0,"","","",10445
2020-06-24,24,"Thermopsis divaricarpa",22,1084,3,3,0,"whop","","",10446
2020-06-24,24,"Thermopsis divaricarpa",22,1025,3,3,0,"","","",10447
2020-06-24,24,"Thermopsis divaricarpa",22,1055,3,4,0,"","","",10448
2020-06-24,24,"Thermopsis divaricarpa",22,1271,1,2,0,"","","bad looking flowers",10449
2020-06-24,24,"Thermopsis divaricarpa",22,1057,2,8,0,"","","",10450
2020-06-24,24,"Thermopsis divaricarpa",22,1283,1,1,0,"","","fl is 1",10451
2020-06-24,24,"Thermopsis divaricarpa",22,1284,1,0,0,"","","yv",10452
2020-06-24,24,"Thermopsis divaricarpa",29,1260,1,0,0,"","","yv",10453
2020-06-24,24,"Thermopsis divaricarpa",26,1082,4,3,0,"","","",10454
2020-06-24,24,"Thermopsis divaricarpa",27,1076,2,10,0,"","","",10455
2020-06-24,24,"Thermopsis divaricarpa",27,1097,1,5,0,"","","",10456
2020-06-24,24,"Thermopsis divaricarpa",27,1108,3,5,0,"","","",10457
2020-06-24,24,"Thermopsis divaricarpa",27,1280,2,0,0,"","","1yv",10458
2020-06-24,24,"Thermopsis divaricarpa",27,1249,1,0,0,"","","yv",10459
2020-06-24,24,"Thermopsis divaricarpa",27,1298,2,0,0,"","","1yv",10460
2020-06-24,24,"Thermopsis divaricarpa",27,1254,2,0,0,"","","2yv",10461
2020-06-24,24,"Thermopsis divaricarpa",27,1276,2,0,0,"","x","1yv; could be 1076",10462
2020-06-24,24,"Thermopsis divaricarpa",27,1286,2,0,0,"","","1yv",10463
2020-06-24,25,"Thermopsis divaricarpa",28,1251,2,3,0,"whop","","OUTSIDE SW",10464
2020-06-24,25,"Thermopsis divaricarpa",24,1045,1,1,0,"","","",10465
2020-06-24,25,"Thermopsis divaricarpa",24,1064,2,0,0,"","","1yv",10466
2020-06-24,25,"Thermopsis divaricarpa",32,1109,1,0,0,"","","OUTIDE SE; 1yv",10467
2020-06-24,25,"Thermopsis divaricarpa",45,1287,5,3,0,"","","",10468
2020-06-24,25,"Thermopsis divaricarpa",46,1089,1,4,0,"","","",10469
2020-06-24,25,"Thermopsis divaricarpa",47,1072,1,5,0,"whop","","",10470
2020-06-24,25,"Thermopsis divaricarpa",47,1235,2,0,0,"","","",10471
2020-06-24,25,"Thermopsis divaricarpa",48,1231,1,0,5,"","","",10472
2020-06-24,25,"Thermopsis divaricarpa",48,1274,3,2,0,"","","",10473
2020-06-24,25,"Thermopsis divaricarpa",48,1240,2,2,0,"","","",10474
2020-06-24,25,"Thermopsis divaricarpa",49,1270,2,0,4,"; ","","; can't find; 1270+1228 records merged SN Jan 2021",10475
2020-06-24,25,"Thermopsis divaricarpa",49,1279,1,1,2,"whdone","","old pla wh2 no tag",10476
2020-06-24,25,"Thermopsis divaricarpa",49,1282,1,0,0,"","","yv",10477
2020-06-24,25,"Thermopsis divaricarpa",50,1187,1,1,2,"whdone","","",10478
2020-06-24,25,"Thermopsis divaricarpa",50,1281,2,1,0,"","","1 grazed rac",10479
2020-06-24,25,"Thermopsis divaricarpa",51,1267,1,3,0,"","","[plot 51 added during cleaning; Nov 10]",10480
2020-06-24,25,"Thermopsis divaricarpa",68,1263,3,1,0,"","","",10481
2020-06-24,25,"Thermopsis divaricarpa",62,1288,1,1,0,"","","",10482
2020-06-24,25,"Thermopsis divaricarpa",62,1295,1,2,1,"whdone","","",10483
2020-06-24,25,"Thermopsis divaricarpa",61,1181,5,0,0,"","","1yv",10484
2020-06-27,31,"Thermopsis divaricarpa",2,1262,2,0,4,"","","grazed; unknown # of lost flowers",10485
2020-06-27,31,"Thermopsis divaricarpa",2,1023,2,4,3,"","","",10486
2020-06-27,31,"Thermopsis divaricarpa",14,1247,1,0,1,"","","",10487
2020-06-27,31,"Thermopsis divaricarpa",5,1197,1,0,0,"","","yv beneath juv pine",10488
2020-06-27,31,"Thermopsis divaricarpa",18,1223,2,0,0,"","","yv beneath juv pine",10489
2020-06-27,31,"Thermopsis divaricarpa",9,1253,2,1,0,"","","",10490
2020-06-27,31,"Thermopsis divaricarpa",19,1227,2,5,0,"","","",10491
2020-06-27,31,"Thermopsis divaricarpa",10,1273,1,2,0,"","","",10492
2020-06-27,31,"Thermopsis divaricarpa",22,1271,1,3,0,"","","3 duds",10493
2020-06-27,31,"Thermopsis divaricarpa",22,1283,1,2,0,"","","",10494
2020-06-27,31,"Thermopsis divaricarpa",22,1166,1,0,0,"","","yv",10495
2020-06-27,31,"Thermopsis divaricarpa",27,1195,1,0,0,"","","yv; tag over pine leaves",10496
2020-06-27,31,"Thermopsis divaricarpa",27,1179,1,0,0,"","","yv",10497
2020-06-27,31,"Thermopsis divaricarpa",27,1108,1,11,0,"","","",10498
2020-06-27,31,"Thermopsis divaricarpa",27,1097,1,9,1,"","","",10499
2020-06-27,31,"Thermopsis divaricarpa",24,1045,1,2,1,"","","",10500
2020-06-27,31,"Thermopsis divaricarpa",24,1289,2,0,0,"","","yv",10501
2020-06-27,31,"Thermopsis divaricarpa",31,1248,1,1,0,"","","",10502
2020-06-27,31,"Thermopsis divaricarpa",43,1268,1,0,0,"","","yv",10503
2020-06-27,31,"Thermopsis divaricarpa",43,1203,3,0,0,"","","1yv",10504
2020-06-27,31,"Thermopsis divaricarpa",51,1267,1,1,2,"","","",10505
2020-06-27,31,"Thermopsis divaricarpa",50,1281,2,1,0,"","","",10506
2020-06-27,31,"Thermopsis divaricarpa",50,1206,2,3,0,"","","",10507
2020-06-27,31,"Thermopsis divaricarpa",49,1279,1,0,2,"","","",10508
2020-06-27,31,"Thermopsis divaricarpa",49,1270,2,0,6,"; ","","; ; 1270+1228 records merged SN Jan 2021",10509
2020-06-27,31,"Thermopsis divaricarpa",48,1231,1,0,5,"","x","check plot #",10510
2020-06-27,31,"Thermopsis divaricarpa",48,1240,1,0,2,"","","",10511
2020-06-27,31,"Thermopsis divaricarpa",47,1235,2,1,0,"","","",10512
2020-06-27,31,"Thermopsis divaricarpa",46,1089,1,0,4,"","","",10513
2020-06-27,31,"Thermopsis divaricarpa",45,1207,3,4,0,"","x","may be 1287? Check old date",10514
2020-06-27,32,"Thermopsis divaricarpa",68,1263,2,1,0,"","","",10516
2020-06-27,32,"Thermopsis divaricarpa",67,1204,1,0,0,"","","closer than 1291? Also pla untagged 2r 4s 0d",10517
2020-06-27,32,"Thermopsis divaricarpa",65,1130,1,0,0,"","","yv",10518
2020-06-27,32,"Thermopsis divaricarpa",62,1295,1,3,3,"whdone","","",10519
2020-06-27,32,"Thermopsis divaricarpa",62,1288,3,0,1,"","","",10520
2020-06-27,32,"Thermopsis divaricarpa",61,1125,1,0,0,"","","yv",10521
2020-06-27,32,"Thermopsis divaricarpa",61,1170,1,0,0,"","","yv",10522
2020-07-01,40,"Thermopsis divaricarpa",3,1186,1,0,0,"","","yv",10523
2020-07-01,40,"Thermopsis divaricarpa",3,1200,2,0,0,"","","2yv",10524
2020-07-01,40,"Thermopsis divaricarpa",3,1188,1,0,0,"","","yv",10525
2020-07-01,40,"Thermopsis divaricarpa",5,1129,2,0,0,"","","1yv",10526
2020-07-01,40,"Thermopsis divaricarpa",13,1193,1,0,0,"","","yv",10527
2020-07-01,40,"Thermopsis divaricarpa",13,1302,1,0,0,"","","yv",10528
2020-07-01,40,"Thermopsis divaricarpa",24,1315,3,0,0,"","","1yv",10529
2020-07-01,40,"Thermopsis divaricarpa",29,1300,1,0,0,"","","yv",10530
2020-07-01,40,"Thermopsis divaricarpa",30,1194,1,0,0,"","","yv",10531
2020-07-01,40,"Thermopsis divaricarpa",32,1316,3,2,0,"","","",10532
2020-07-01,40,"Thermopsis divaricarpa",32,1126,2,0,0,"","","yv",10533
2020-07-01,40,"Thermopsis divaricarpa",43,1311,1,4,0,"","","",10534
2020-07-01,40,"Thermopsis divaricarpa",43,1299,1,0,0,"","","yv",10535
2020-07-01,40,"Thermopsis divaricarpa",42,1309,1,0,0,"","","yv",10536
2020-07-01,40,"Thermopsis divaricarpa",53,1314,1,0,0,"","","OUTSIDE SW; yv",10537
2020-07-05,47,"Thermopsis divaricarpa",61,1303,2,0,0,"","","yv",10538
2020-07-05,47,"Thermopsis divaricarpa",69,1305,1,0,0,"","","yv",10539
2020-07-05,47,"Thermopsis divaricarpa",42,1309,1,1,1,"","","",10540
2020-07-05,47,"Thermopsis divaricarpa",43,1299,1,2,0,"","","",10541
2020-07-05,47,"Thermopsis divaricarpa",43,1311,1,3,2,"","","",10542
2020-07-05,47,"Thermopsis divaricarpa",52,1307,2,0,0,"","","1yv",10543
2020-07-05,47,"Thermopsis divaricarpa",53,1314,1,4,1,"","","OUTSIDE SW",10544
2020-07-05,47,"Thermopsis divaricarpa",32,1126,1,3,0,"","","",10545
2020-07-05,47,"Thermopsis divaricarpa",32,1316,NA,0,2,"","","",10546
2020-07-05,47,"Thermopsis divaricarpa",32,1209,2,0,0,"","","1yv",10547
2020-07-05,47,"Thermopsis divaricarpa",30,1194,1,1,0,"","","",10548
2020-07-05,47,"Thermopsis divaricarpa",29,1300,1,0,0,"","","yv",10550
2020-07-05,47,"Thermopsis divaricarpa",24,1315,4,1,1,"","","",10551
2020-07-05,47,"Thermopsis divaricarpa",20,1306,3,0,0,"","","1yv",10552
2020-07-05,47,"Thermopsis divaricarpa",2,1015,1,0,1,"","","",10553
2020-07-05,47,"Thermopsis divaricarpa",3,1186,1,3,0,"","","",10554
2020-07-05,47,"Thermopsis divaricarpa",3,1200,2,7,0,"","","",10555
2020-07-05,47,"Thermopsis divaricarpa",3,1188,1,1,0,"","","",10556
2020-07-05,47,"Thermopsis divaricarpa",5,1129,3,0,0,"","","yv",10557
2020-07-05,47,"Thermopsis divaricarpa",13,1302,1,2,1,"","","",10558
2020-07-05,47,"Thermopsis divaricarpa",13,1193,1,3,1,"","","",10559
2020-07-09,54,"Thermopsis divaricarpa",61,1181,3,0,1,"","","",10560
2020-07-13,59,"Thermopsis divaricarpa",67,1204,NA,2,6,"","","OUTSIDE SW; is closer (9 in) than 1291",10561
2020-06-21,13,"Thermopsis divaricarpa",2,1007,NA,3,0,"","","",10563
2020-06-21,13,"Thermopsis divaricarpa",2,1009,NA,3,0,"","","",10564
2020-06-21,13,"Thermopsis divaricarpa",2,1054,NA,2,1,"","","is 1014 tag collected",10565
2020-06-21,13,"Thermopsis divaricarpa",6,1001,2,3,2,"","","2 rac",10567
2020-06-21,13,"Thermopsis divaricarpa",12,1048,NA,NA,NA,"","","can't find",10569
2020-06-21,13,"Thermopsis divaricarpa",14,1070,NA,0,6,"whdone","","",10571
2020-06-21,13,"Thermopsis divaricarpa",14,1077,NA,6,7,"","","",10572
2020-06-21,13,"Thermopsis divaricarpa",14,1081,NA,1,5,"","","",10573
2020-06-21,13,"Thermopsis divaricarpa",14,1120,NA,5,5,"","","broke and counted 1 done",10574
2020-06-21,13,"Thermopsis divaricarpa",14,1160,NA,0,6,"","","",10575
2020-06-21,13,"Thermopsis divaricarpa",14,1174,NA,6,2,"whdone","","",10576
2020-06-21,13,"Thermopsis divaricarpa",14,1212,NA,5,0,"whop","","",10577
2020-06-21,13,"Thermopsis divaricarpa",14,1218,NA,2,2,"","","",10578
2020-06-21,13,"Thermopsis divaricarpa",14,1219,3,5,4,"","","3 rac counted;",10579
2020-06-21,13,"Thermopsis divaricarpa",22,1043,NA,0,0,"","","1 dud",10580
2020-06-21,13,"Thermopsis divaricarpa",22,1065,NA,2,0,"","","",10581
2020-06-21,13,"Thermopsis divaricarpa",25,1075,NA,0,1,"","","",10583
2020-06-21,13,"Thermopsis divaricarpa",25,1105,NA,NA,NA,"","","grazed",10585
2020-06-21,13,"Thermopsis divaricarpa",25,1106,NA,3,2,"whdone","","",10586
2020-06-21,13,"Thermopsis divaricarpa",25,1113,NA,3,0,"","","",10587
2020-06-21,13,"Thermopsis divaricarpa",25,1116,NA,0,0,"","","1 lost?",10588
2020-06-21,13,"Thermopsis divaricarpa",26,1173,NA,0,5,"","","",10589
2020-06-21,13,"Thermopsis divaricarpa",27,1061,NA,4,0,"","","spider",10590
2020-06-21,13,"Thermopsis divaricarpa",27,1092,2,4,0,"wh3","x","others yv",10591
2020-06-21,14,"Thermopsis divaricarpa",31,1094,0,8,0,"whop; ","","is 1099; is 1094; 1094+1099 records merged SN Jan 2021",10592
2020-06-21,14,"Thermopsis divaricarpa",31,1101,NA,5,1,"wh2","","",10594
2020-06-21,14,"Thermopsis divaricarpa",31,1107,NA,4,0,"","","",10595
2020-06-21,14,"Thermopsis divaricarpa",31,1238,NA,NA,NA,"","x","[missing]",10596
2020-06-21,14,"Thermopsis divaricarpa",33,1059,NA,4,1,"wh2","","",10597
2020-06-21,14,"Thermopsis divaricarpa",44,1154,NA,3,1,"","","[tt missing]",10598
2020-06-21,14,"Thermopsis divaricarpa",46,1029,NA,1,4,"wh3","","",10599
2020-06-21,14,"Thermopsis divaricarpa",46,1087,NA,14,1,"wh2","","",10600
2020-06-21,14,"Thermopsis divaricarpa",46,1115,NA,0,4,"","","tt fell; broke off seeds 2 and 3",10601
2020-06-21,14,"Thermopsis divaricarpa",46,1224,NA,1,6,"","","",10602
2020-06-21,14,"Thermopsis divaricarpa",47,1156,4,2,0,"","","",10613
2020-06-21,14,"Thermopsis divaricarpa",48,1012,NA,28,22,"","","broke one spreading off",10615
2020-06-21,14,"Thermopsis divaricarpa",48,1031,NA,0,11,"","","",10616
2020-06-21,14,"Thermopsis divaricarpa",48,1036,NA,6,14,"","","",10617
2020-06-21,14,"Thermopsis divaricarpa",48,1068,NA,0,5,"","","",10619
2020-06-21,14,"Thermopsis divaricarpa",48,1069,NA,0,7,"","","",10620
2020-06-21,14,"Thermopsis divaricarpa",48,1083,NA,1,13,"","","",10621
2020-06-21,14,"Thermopsis divaricarpa",48,1085,NA,2,8,"","","",10622
2020-06-21,15,"Thermopsis divaricarpa",48,1090,NA,0,7,"whdone","","",10623
2020-06-21,15,"Thermopsis divaricarpa",48,1095,NA,0,2,"whdone","","",10624
2020-06-21,15,"Thermopsis divaricarpa",48,1098,NA,NA,NA,"","","can't find",10625
2020-06-21,15,"Thermopsis divaricarpa",48,1102,NA,0,3,"","","",10626
2020-06-21,15,"Thermopsis divaricarpa",48,1177,NA,1,0,"","","1 aborted",10628
2020-06-21,15,"Thermopsis divaricarpa",48,1178,NA,0,7,"","","",10629
2020-06-21,15,"Thermopsis divaricarpa",48,1180,NA,0,2,"","","",10630
2020-06-21,15,"Thermopsis divaricarpa",48,1182,NA,4,8,"","","",10632
2020-06-21,15,"Thermopsis divaricarpa",48,1183,1,0,2,"","x","1 rac",10633
2020-06-21,15,"Thermopsis divaricarpa",48,1184,NA,1,6,"","","",10634
2020-06-21,15,"Thermopsis divaricarpa",48,1189,NA,1,0,"","","",10635
2020-06-21,15,"Thermopsis divaricarpa",48,1229,2,1,13,"","","",10636
2020-06-21,15,"Thermopsis divaricarpa",48,1231,NA,0,5,"","","",10637
2020-06-21,15,"Thermopsis divaricarpa",49,1104,NA,3,3,"","","",10638
2020-06-21,15,"Thermopsis divaricarpa",49,1121,NA,2,12,"","","",10639
2020-06-21,15,"Thermopsis divaricarpa",49,1161,NA,0,6,"","","",10640
2020-06-21,15,"Thermopsis divaricarpa",49,1171,NA,4,1,"whdone","","",10641
2020-06-21,15,"Thermopsis divaricarpa",49,1215,NA,9,0,"whop","","Bomb.",10642
2020-06-21,15,"Thermopsis divaricarpa",49,1221,2,3,1,"wh2","","",10643
2020-06-21,15,"Thermopsis divaricarpa",49,1232,NA,0,6,"","","1 counted lost pod",10645
2020-06-21,15,"Thermopsis divaricarpa",49,1234,NA,0,1,"","","",10646
2020-06-21,15,"Thermopsis divaricarpa",49,1236,NA,0,1,"","","",10647
2020-06-21,15,"Thermopsis divaricarpa",49,1241,2,7,9,"whdone","","Bomb",10648
2020-06-21,15,"Thermopsis divaricarpa",49,1243,NA,NA,NA,"","","can't find",10649
2020-06-21,15,"Thermopsis divaricarpa",49,1245,NA,0,4,"","","",10650
2020-06-21,15,"Thermopsis divaricarpa",50,1028,NA,5,3,"","","2 broken counted",10651
2020-06-21,15,"Thermopsis divaricarpa",50,1155,NA,0,0,"","x","yv done? Check records",10652
2020-06-21,15,"Thermopsis divaricarpa",50,1167,NA,6,1,"","","",10653
2020-06-21,16,"Thermopsis divaricarpa",50,1169,NA,4,0,"","","bee (pic)",10654
2020-06-21,16,"Thermopsis divaricarpa",50,1186,NA,0,1,"","","new buds?",10655
2020-06-21,16,"Thermopsis divaricarpa",50,1187,NA,2,1,"whdone","","ants",10656
2020-06-21,16,"Thermopsis divaricarpa",50,1225,NA,4,1,"whdone","","",10657
2020-06-21,16,"Thermopsis divaricarpa",51,1226,NA,2,1,"","","",10658
2020-06-21,16,"Thermopsis divaricarpa",51,1230,NA,6,0,"","","",10659
2020-06-21,16,"Thermopsis divaricarpa",51,1237,4,6,3,"","","",10660
2020-06-21,16,"Thermopsis divaricarpa",62,1214,2,2,1,"","","",10661
2020-06-21,16,"Thermopsis divaricarpa",62,1216,2,6,0,"","","",10662
2020-06-21,16,"Thermopsis divaricarpa",62,1222,NA,1,0,"","","1 aborted",10663
2020-06-21,16,"Thermopsis divaricarpa",62,1244,NA,3,0,"wh3","","",10664
2020-06-21,16,"Thermopsis divaricarpa",68,1175,NA,4,1,"wh3","","4 is small shriv; recheck",10665
2020-06-24,19,"Thermopsis divaricarpa",2,1007,NA,4,0,"","","",10666
2020-06-24,19,"Thermopsis divaricarpa",2,1008,NA,1,0,"","","",10667
2020-06-24,19,"Thermopsis divaricarpa",2,1009,NA,6,0,"","","",10668
2020-06-24,19,"Thermopsis divaricarpa",2,1054,NA,1,2,"","","2 duds",10669
2020-06-24,19,"Thermopsis divaricarpa",6,1001,NA,2,2,"","","",10670
2020-06-24,19,"Thermopsis divaricarpa",10,1233,NA,4,2,"","","",10671
2020-06-24,19,"Thermopsis divaricarpa",12,1048,NA,NA,NA,"","x","wrong plot?",10672
2020-06-24,19,"Thermopsis divaricarpa",12,1146,NA,NA,NA,"","x","wrong plot?",10673
2020-06-24,19,"Thermopsis divaricarpa",14,1070,NA,0,6,"whdone","","",10674
2020-06-24,19,"Thermopsis divaricarpa",14,1077,NA,4,11,"","","",10675
2020-06-24,19,"Thermopsis divaricarpa",14,1081,NA,0,6,"","","",10676
2020-06-24,19,"Thermopsis divaricarpa",14,1120,NA,1,11,"","","",10677
2020-06-24,19,"Thermopsis divaricarpa",14,1160,NA,0,6,"","","1 seed broken off when I arrived",10678
2020-06-24,19,"Thermopsis divaricarpa",14,1174,NA,3,5,"whdone","","",10679
2020-06-24,19,"Thermopsis divaricarpa",14,1212,NA,1,4,"whdone","","",10680
2020-06-24,19,"Thermopsis divaricarpa",14,1218,NA,0,3,"","","1 aborted",10681
2020-06-24,19,"Thermopsis divaricarpa",14,1219,NA,5,3,"","","",10682
2020-06-24,19,"Thermopsis divaricarpa",21,1033,NA,0,0,"","","yv",10683
2020-06-24,19,"Thermopsis divaricarpa",22,1043,NA,0,0,"","","aborted",10684
2020-06-24,19,"Thermopsis divaricarpa",22,1056,NA,0,0,"","","yv",10685
2020-06-24,19,"Thermopsis divaricarpa",22,1060,NA,0,0,"","","yv",10686
2020-06-24,19,"Thermopsis divaricarpa",22,1065,NA,2,0,"","","",10687
2020-06-24,19,"Thermopsis divaricarpa",22,1071,NA,2,0,"","","tag is 1071",10688
2020-06-24,19,"Thermopsis divaricarpa",22,1079,NA,0,0,"","","yv",10689
2020-06-24,19,"Thermopsis divaricarpa",22,1119,NA,0,0,"","","",10690
2020-06-24,19,"Thermopsis divaricarpa",22,1297,NA,1,0,"","","fl is 1",10691
2020-06-24,19,"Thermopsis divaricarpa",23,1272,2,1,0,"","","",10692
2020-06-24,19,"Thermopsis divaricarpa",25,1075,NA,0,1,"","","",10694
2020-06-24,20,"Thermopsis divaricarpa",25,1105,NA,NA,NA,"","","grazed; collected",10696
2020-06-24,20,"Thermopsis divaricarpa",25,1106,NA,4,2,"whdone","","tt peduncle broken",10697
2020-06-24,20,"Thermopsis divaricarpa",25,1113,NA,1,2,"","","",10698
2020-06-24,20,"Thermopsis divaricarpa",25,1116,NA,0,1,"","","1 gone/lost uncounted",10699
2020-06-24,20,"Thermopsis divaricarpa",26,1250,NA,1,0,"","","",10700
2020-06-24,20,"Thermopsis divaricarpa",27,1061,NA,2,2,"","","",10701
2020-06-24,20,"Thermopsis divaricarpa",27,1092,2,11,0,"","x","check rac count; 2 counted",10702
2020-06-24,20,"Thermopsis divaricarpa",30,1255,NA,0,0,"","","yv",10703
2020-06-24,20,"Thermopsis divaricarpa",31,1094,0,7,3,"whdone; ","","spider; ants; grazed; collected; 1094+1099 records merged SN Jan 2021",10704
2020-06-24,20,"Thermopsis divaricarpa",31,1100,NA,2,0,"","","",10706
2020-06-24,20,"Thermopsis divaricarpa",31,1101,NA,3,3,"whdone","","",10707
2020-06-24,20,"Thermopsis divaricarpa",31,1107,NA,8,0,"","","ants",10708
2020-06-24,20,"Thermopsis divaricarpa",31,1238,NA,NA,NA,"","","can't find",10709
2020-06-24,20,"Thermopsis divaricarpa",33,1059,NA,8,0,"whop","","",10710
2020-06-24,20,"Thermopsis divaricarpa",33,1266,NA,0,0,"","","1yv",10711
2020-06-24,20,"Thermopsis divaricarpa",43,1246,NA,0,0,"","","1yv",10712
2020-06-24,20,"Thermopsis divaricarpa",43,1278,NA,0,0,"","","1yv",10713
2020-06-24,20,"Thermopsis divaricarpa",43,1285,NA,0,0,"","","yv",10714
2020-06-24,20,"Thermopsis divaricarpa",43,1290,NA,0,0,"","","yv",10715
2020-06-24,20,"Thermopsis divaricarpa",43,1292,NA,0,0,"","","yv",10716
2020-06-24,20,"Thermopsis divaricarpa",43,1293,NA,3,0,"","","",10717
2020-06-24,20,"Thermopsis divaricarpa",44,1154,NA,1,2,"whdone","","",10718
2020-06-24,20,"Thermopsis divaricarpa",45,1257,NA,2,0,"","","",10719
2020-06-24,20,"Thermopsis divaricarpa",45,1264,NA,2,0,"","","1 dud",10720
2020-06-24,20,"Thermopsis divaricarpa",45,1265,NA,0,0,"","","yv",10721
2020-06-24,20,"Thermopsis divaricarpa",45,1275,NA,3,0,"","","",10722
2020-06-24,20,"Thermopsis divaricarpa",46,1029,NA,0,5,"whdone","","",10723
2020-06-24,20,"Thermopsis divaricarpa",46,1087,NA,10,8,"","x","[record hard to read]",10724
2020-06-24,20,"Thermopsis divaricarpa",46,1115,NA,0,3,"","","",10725
2020-06-24,21,"Thermopsis divaricarpa",46,1224,2,1,0,"","x","where are dones from prev record?",10726
2020-06-24,21,"Thermopsis divaricarpa",47,1066,NA,2,0,"","","",10727
2020-06-24,21,"Thermopsis divaricarpa",47,1086,NA,2,0,"","","",10730
2020-06-24,21,"Thermopsis divaricarpa",47,1093,NA,0,0,"","","yv",10731
2020-06-24,21,"Thermopsis divaricarpa",47,1118,NA,1,0,"","","",10735
2020-06-24,21,"Thermopsis divaricarpa",47,1156,NA,7,0,"","","",10736
2020-06-24,21,"Thermopsis divaricarpa",48,1012,NA,4,30,"","x","5 rac w/ 3 infl counted",10738
2020-06-24,21,"Thermopsis divaricarpa",48,1031,NA,0,10,"","","1 uncounted broken peduncle",10739
2020-06-24,21,"Thermopsis divaricarpa",48,1036,NA,2,19,"","","",10740
2020-06-24,21,"Thermopsis divaricarpa",48,1069,NA,0,7,"","","",10741
2020-06-24,21,"Thermopsis divaricarpa",48,1083,2,1,16,"","x","only 2 rac counted; check",10742
2020-06-24,21,"Thermopsis divaricarpa",48,1085,NA,2,6,"","","",10743
2020-06-24,21,"Thermopsis divaricarpa",48,1090,NA,0,6,"","","",10744
2020-06-24,21,"Thermopsis divaricarpa",48,1095,NA,0,2,"whdone","","",10745
2020-06-24,21,"Thermopsis divaricarpa",48,1098,NA,NA,NA,"","","can't find",10746
2020-06-24,21,"Thermopsis divaricarpa",48,1102,NA,0,3,"","","",10747
2020-06-24,21,"Thermopsis divaricarpa",48,1177,NA,0,1,"","","",10749
2020-06-24,21,"Thermopsis divaricarpa",48,1178,NA,0,7,"","","",10750
2020-06-24,21,"Thermopsis divaricarpa",48,1180,NA,0,2,"","","",10751
2020-06-24,21,"Thermopsis divaricarpa",48,1182,NA,0,8,"","","",10753
2020-06-24,21,"Thermopsis divaricarpa",48,1183,NA,0,1,"","","",10754
2020-06-24,21,"Thermopsis divaricarpa",48,1184,NA,1,9,"","","",10755
2020-06-24,22,"Thermopsis divaricarpa",48,1189,NA,0,1,"","","",10756
2020-06-24,22,"Thermopsis divaricarpa",48,1229,NA,0,11,"","","",10757
2020-06-24,22,"Thermopsis divaricarpa",49,1104,NA,1,5,"","","",10758
2020-06-24,22,"Thermopsis divaricarpa",49,1121,NA,NA,NA,"","","can't find",10759
2020-06-24,22,"Thermopsis divaricarpa",49,1161,NA,0,6,"","","",10760
2020-06-24,22,"Thermopsis divaricarpa",49,1171,NA,1,4,"","x","tt fell off; check",10761
2020-06-24,22,"Thermopsis divaricarpa",49,1215,2,1,24,"","x","check rac number",10762
2020-06-24,22,"Thermopsis divaricarpa",49,1221,NA,NA,NA,"","","grazed; collected",10763
2020-06-24,22,"Thermopsis divaricarpa",49,1232,NA,0,5,"","","spider web",10765
2020-06-24,22,"Thermopsis divaricarpa",49,1234,NA,0,1,"","","",10766
2020-06-24,22,"Thermopsis divaricarpa",49,1236,NA,0,1,"","","",10767
2020-06-24,22,"Thermopsis divaricarpa",49,1241,NA,3,17,"whdone","","",10768
2020-06-24,22,"Thermopsis divaricarpa",49,1243,NA,NA,NA,"","","can't find",10769
2020-06-24,22,"Thermopsis divaricarpa",49,1245,NA,0,4,"","","",10770
2020-06-24,22,"Thermopsis divaricarpa",50,1028,NA,3,4,"","","",10771
2020-06-24,22,"Thermopsis divaricarpa",50,1155,NA,0,0,"","","still unsure if yv or done",10772
2020-06-24,22,"Thermopsis divaricarpa",50,1167,NA,1,5,"","","",10773
2020-06-24,22,"Thermopsis divaricarpa",50,1169,NA,2,2,"","","",10774
2020-06-24,22,"Thermopsis divaricarpa",50,1186,NA,0,1,"","","",10775
2020-06-24,22,"Thermopsis divaricarpa",50,1225,NA,2,4,"whdone","","",10777
2020-06-24,22,"Thermopsis divaricarpa",51,1226,NA,0,4,"","","",10778
2020-06-24,22,"Thermopsis divaricarpa",51,1230,NA,4,3,"","","",10779
2020-06-24,22,"Thermopsis divaricarpa",51,1237,NA,4,6,"","","",10780
2020-06-24,22,"Thermopsis divaricarpa",51,1256,NA,0,2,"","","",10781
2020-06-24,22,"Thermopsis divaricarpa",51,1277,NA,2,0,"","","",10782
2020-06-24,22,"Thermopsis divaricarpa",61,1294,NA,0,0,"","","yv",10783
2020-06-24,22,"Thermopsis divaricarpa",62,1214,NA,3,1,"","","",10784
2020-06-24,22,"Thermopsis divaricarpa",62,1216,NA,1,9,"whopen","","",10785
2020-06-24,24,"Thermopsis divaricarpa",62,1222,NA,2,1,"","","",10786
2020-06-24,24,"Thermopsis divaricarpa",62,1244,NA,5,0,"whopen","","",10787
2020-06-24,24,"Thermopsis divaricarpa",67,1291,NA,1,0,"","","",10788
2020-06-24,24,"Thermopsis divaricarpa",68,1175,NA,1,3,"","","1 dud",10789
2020-06-27,26,"Thermopsis divaricarpa",2,1007,NA,1,4,"","","",10790
2020-06-27,26,"Thermopsis divaricarpa",2,1008,NA,7,0,"","","",10791
2020-06-27,26,"Thermopsis divaricarpa",2,1009,NA,4,4,"","","",10792
2020-06-27,26,"Thermopsis divaricarpa",2,1054,NA,0,3,"","","",10793
2020-06-27,26,"Thermopsis divaricarpa",3,1073,NA,4,0,"","","",10794
2020-06-27,26,"Thermopsis divaricarpa",6,1001,NA,1,3,"","","",10795
2020-06-27,26,"Thermopsis divaricarpa",8,1005,NA,4,0,"","","",10796
2020-06-27,26,"Thermopsis divaricarpa",10,1042,NA,4,0,"","","",10797
2020-06-27,26,"Thermopsis divaricarpa",10,1233,NA,1,5,"","","",10798
2020-06-27,26,"Thermopsis divaricarpa",10,1259,NA,1,1,"","","",10799
2020-06-27,26,"Thermopsis divaricarpa",12,1146,NA,NA,NA,"","","can't find",10801
2020-06-27,26,"Thermopsis divaricarpa",13,1252,NA,3,0,"","","",10802
2020-06-27,26,"Thermopsis divaricarpa",13,1261,NA,0,0,"","","yv",10803
2020-06-27,26,"Thermopsis divaricarpa",14,1070,NA,0,5,"","","",10804
2020-06-27,26,"Thermopsis divaricarpa",14,1077,NA,0,6,"","","",10805
2020-06-27,26,"Thermopsis divaricarpa",14,1081,NA,0,5,"","","",10806
2020-06-27,26,"Thermopsis divaricarpa",14,1120,NA,0,8,"","","",10807
2020-06-27,26,"Thermopsis divaricarpa",14,1160,NA,0,1,"","","",10808
2020-06-27,26,"Thermopsis divaricarpa",14,1174,NA,0,8,"","","tt moved",10809
2020-06-27,26,"Thermopsis divaricarpa",14,1212,NA,0,3,"","","",10810
2020-06-27,26,"Thermopsis divaricarpa",14,1218,NA,0,3,"","","",10811
2020-06-27,26,"Thermopsis divaricarpa",14,1219,NA,0,3,"","x","other rac grazed?",10812
2020-06-27,26,"Thermopsis divaricarpa",18,1258,NA,7,1,"","","",10813
2020-06-27,26,"Thermopsis divaricarpa",21,1033,NA,0,0,"","x","tag is 1044; yv",10814
2020-06-27,26,"Thermopsis divaricarpa",22,1025,NA,2,7,"","","",10815
2020-06-27,26,"Thermopsis divaricarpa",22,1043,NA,0,0,"","","dud",10816
2020-06-27,26,"Thermopsis divaricarpa",22,1055,NA,2,7,"","","",10817
2020-06-27,26,"Thermopsis divaricarpa",22,1056,NA,0,0,"","","no fl?",10818
2020-06-27,26,"Thermopsis divaricarpa",22,1057,NA,7,3,"","","",10819
2020-06-27,27,"Thermopsis divaricarpa",22,1060,NA,0,0,"","x","nothing here; check prev",10820
2020-06-27,27,"Thermopsis divaricarpa",22,1065,NA,0,2,"","","",10821
2020-06-27,27,"Thermopsis divaricarpa",22,1071,NA,2,0,"","","",10822
2020-06-27,27,"Thermopsis divaricarpa",22,1079,NA,4,0,"","","",10823
2020-06-27,27,"Thermopsis divaricarpa",22,1084,NA,4,0,"whop","","",10824
2020-06-27,27,"Thermopsis divaricarpa",22,1119,NA,NA,NA,"","","can't find",10825
2020-06-27,27,"Thermopsis divaricarpa",22,1284,NA,0,0,"","","yv",10826
2020-06-27,27,"Thermopsis divaricarpa",22,1297,NA,5,0,"","","ant",10827
2020-06-27,27,"Thermopsis divaricarpa",23,1272,NA,7,0,"","","OUTSIDE NE",10828
2020-06-27,27,"Thermopsis divaricarpa",24,1064,NA,0,0,"","","yv",10829
2020-06-27,27,"Thermopsis divaricarpa",25,1075,NA,0,1,"","","",10831
2020-06-27,27,"Thermopsis divaricarpa",25,1105,NA,NA,NA,"","x","bad record? Is 1106? Check",10833
2020-06-27,27,"Thermopsis divaricarpa",25,1106,NA,1,3,"","","tt fell",10834
2020-06-27,27,"Thermopsis divaricarpa",25,1113,NA,0,4,"","","",10835
2020-06-27,27,"Thermopsis divaricarpa",25,1116,NA,0,1,"","","",10836
2020-06-27,27,"Thermopsis divaricarpa",26,1082,NA,0,3,"","","",10837
2020-06-27,27,"Thermopsis divaricarpa",26,1250,NA,0,1,"","","",10838
2020-06-27,27,"Thermopsis divaricarpa",27,1061,NA,0,3,"","","",10839
2020-06-27,27,"Thermopsis divaricarpa",27,1076,NA,15,0,"","x","check rac count; tag on rac 1 (3 fl)",10840
2020-06-27,27,"Thermopsis divaricarpa",27,1092,NA,18,0,"","","Bomb w/ red striped back; spider",10841
2020-06-27,27,"Thermopsis divaricarpa",27,1249,NA,3,0,"","","",10842
2020-06-27,27,"Thermopsis divaricarpa",27,1254,NA,3,0,"","","",10843
2020-06-27,27,"Thermopsis divaricarpa",27,1276,NA,5,0,"","","",10844
2020-06-27,27,"Thermopsis divaricarpa",27,1280,NA,6,0,"","","",10845
2020-06-27,27,"Thermopsis divaricarpa",27,1286,NA,1,0,"","","",10846
2020-06-27,27,"Thermopsis divaricarpa",27,1298,NA,5,0,"","","",10847
2020-06-27,27,"Thermopsis divaricarpa",28,1251,NA,2,3,"whdone","","",10848
2020-06-27,27,"Thermopsis divaricarpa",29,1260,NA,0,0,"","","Bomb tried but now in flower went to neighb",10849
2020-06-27,27,"Thermopsis divaricarpa",30,1255,NA,0,0,"","","yv",10850
2020-06-27,28,"Thermopsis divaricarpa",31,1094,0,0,10,"whdone; ","","; is 1094? Must be; otherwise can't find; 1094+1099 records merged SN Jan 2021",10851
2020-06-27,28,"Thermopsis divaricarpa",31,1100,NA,2,1,"","","",10853
2020-06-27,28,"Thermopsis divaricarpa",31,1101,NA,0,6,"","","",10854
2020-06-27,28,"Thermopsis divaricarpa",31,1107,NA,9,5,"","","",10855
2020-06-27,28,"Thermopsis divaricarpa",31,1238,NA,NA,NA,"","x","is 1248?",10856
2020-06-27,28,"Thermopsis divaricarpa",32,1109,NA,5,0,"","x","is inside plot? Note says outside",10857
2020-06-27,28,"Thermopsis divaricarpa",33,1059,NA,5,4,"whdone","","",10858
2020-06-27,28,"Thermopsis divaricarpa",33,1266,NA,1,0,"","","",10859
2020-06-27,28,"Thermopsis divaricarpa",43,1246,NA,0,0,"","","yv",10860
2020-06-27,28,"Thermopsis divaricarpa",43,1278,NA,1,0,"","","",10861
2020-06-27,28,"Thermopsis divaricarpa",43,1285,NA,1,0,"","","",10862
2020-06-27,28,"Thermopsis divaricarpa",43,1290,NA,4,0,"","","",10863
2020-06-27,28,"Thermopsis divaricarpa",43,1292,NA,1,0,"","","1 aborted",10864
2020-06-27,28,"Thermopsis divaricarpa",43,1293,NA,6,0,"","","",10865
2020-06-27,28,"Thermopsis divaricarpa",44,1154,NA,1,1,"","","tt gone other done seeding",10866
2020-06-27,28,"Thermopsis divaricarpa",45,1257,NA,2,0,"","","1 dud",10867
2020-06-27,28,"Thermopsis divaricarpa",45,1264,NA,2,0,"","","",10868
2020-06-27,28,"Thermopsis divaricarpa",45,1265,NA,1,0,"","","",10869
2020-06-27,28,"Thermopsis divaricarpa",45,1275,NA,3,0,"","","",10870
2020-06-27,28,"Thermopsis divaricarpa",46,1029,NA,NA,NA,"","","can't find",10871
2020-06-27,28,"Thermopsis divaricarpa",46,1087,NA,0,14,"","","",10872
2020-06-27,28,"Thermopsis divaricarpa",46,1115,NA,0,0,"","","",10873
2020-06-27,28,"Thermopsis divaricarpa",46,1224,NA,0,1,"","","",10874
2020-06-27,28,"Thermopsis divaricarpa",47,1066,NA,2,0,"","","",10875
2020-06-27,28,"Thermopsis divaricarpa",47,1072,NA,6,0,"whop","","",10876
2020-06-27,28,"Thermopsis divaricarpa",47,1086,NA,2,0,"","","",10879
2020-06-27,28,"Thermopsis divaricarpa",47,1093,NA,3,0,"","","",10880
2020-06-27,29,"Thermopsis divaricarpa",47,1118,NA,2,0,"","","",10884
2020-06-27,29,"Thermopsis divaricarpa",47,1156,3,10,0,"","","",10885
2020-06-27,29,"Thermopsis divaricarpa",48,1012,NA,0,21,"","","",10887
2020-06-27,29,"Thermopsis divaricarpa",48,1031,NA,0,8,"","","",10888
2020-06-27,29,"Thermopsis divaricarpa",48,1036,NA,0,11,"","","",10889
2020-06-27,29,"Thermopsis divaricarpa",48,1069,NA,0,1,"","","",10890
2020-06-27,29,"Thermopsis divaricarpa",48,1083,NA,0,14,"","","",10891
2020-06-27,29,"Thermopsis divaricarpa",48,1085,NA,0,8,"","","",10892
2020-06-27,29,"Thermopsis divaricarpa",48,1090,NA,0,6,"","","",10893
2020-06-27,29,"Thermopsis divaricarpa",48,1095,NA,0,0,"","","",10894
2020-06-27,29,"Thermopsis divaricarpa",48,1098,NA,NA,NA,"","","can't find",10895
2020-06-27,29,"Thermopsis divaricarpa",48,1102,NA,0,1,"","","",10896
2020-06-27,29,"Thermopsis divaricarpa",48,1177,NA,0,0,"","","snapped/grazed",10898
2020-06-27,29,"Thermopsis divaricarpa",48,1178,NA,0,5,"","","",10899
2020-06-27,29,"Thermopsis divaricarpa",48,1180,NA,0,2,"","","",10900
2020-06-27,29,"Thermopsis divaricarpa",48,1182,NA,0,5,"","","",10902
2020-06-27,29,"Thermopsis divaricarpa",48,1183,NA,0,0,"","","",10903
2020-06-27,29,"Thermopsis divaricarpa",48,1184,NA,0,9,"","","",10904
2020-06-27,29,"Thermopsis divaricarpa",48,1189,NA,0,1,"","","",10905
2020-06-27,29,"Thermopsis divaricarpa",48,1229,NA,0,8,"","","",10906
2020-06-27,29,"Thermopsis divaricarpa",48,1274,NA,0,2,"","","",10907
2020-06-27,29,"Thermopsis divaricarpa",49,1104,NA,0,4,"","","",10908
2020-06-27,29,"Thermopsis divaricarpa",49,1121,NA,0,4,"","","",10909
2020-06-27,29,"Thermopsis divaricarpa",49,1161,NA,0,5,"","","",10910
2020-06-27,29,"Thermopsis divaricarpa",49,1171,NA,0,4,"","","",10911
2020-06-27,29,"Thermopsis divaricarpa",49,1215,2,0,21,"","","was likely overcounted before; 1 possible overcount is 1241",10912
2020-06-27,30,"Thermopsis divaricarpa",49,1221,NA,NA,NA,"","","can't find",10913
2020-06-27,30,"Thermopsis divaricarpa",49,1232,NA,0,3,"","","several gone",10915
2020-06-27,30,"Thermopsis divaricarpa",49,1234,NA,NA,NA,"","","can't find",10916
2020-06-27,30,"Thermopsis divaricarpa",49,1236,NA,0,1,"","","",10917
2020-06-27,30,"Thermopsis divaricarpa",49,1241,3,1,19,"","","some ped scars?",10918
2020-06-27,30,"Thermopsis divaricarpa",49,1243,NA,NA,NA,"","","can't find",10919
2020-06-27,30,"Thermopsis divaricarpa",49,1245,NA,0,2,"","","",10920
2020-06-27,30,"Thermopsis divaricarpa",49,1282,NA,2,0,"","","",10921
2020-06-27,30,"Thermopsis divaricarpa",50,1028,NA,2,5,"","","",10922
2020-06-27,30,"Thermopsis divaricarpa",50,1155,NA,0,1,"","","",10923
2020-06-27,30,"Thermopsis divaricarpa",50,1167,NA,0,2,"","","",10924
2020-06-27,30,"Thermopsis divaricarpa",50,1169,NA,0,4,"","","",10925
2020-06-27,30,"Thermopsis divaricarpa",50,1186,NA,0,0,"","","[seed] gone",10926
2020-06-27,30,"Thermopsis divaricarpa",50,1187,NA,0,2,"","","",10927
2020-06-27,30,"Thermopsis divaricarpa",50,1225,NA,1,3,"","","tt fell",10928
2020-06-27,30,"Thermopsis divaricarpa",51,1226,NA,0,4,"","","",10929
2020-06-27,30,"Thermopsis divaricarpa",51,1230,NA,1,4,"","","",10930
2020-06-27,30,"Thermopsis divaricarpa",51,1237,NA,3,4,"","","",10931
2020-06-27,30,"Thermopsis divaricarpa",51,1256,NA,2,0,"","x","(0;2) in prev record was mistake? Check",10932
2020-06-27,30,"Thermopsis divaricarpa",51,1277,NA,2,0,"","","",10933
2020-06-27,30,"Thermopsis divaricarpa",61,1181,NA,0,0,"","","yv",10934
2020-06-27,30,"Thermopsis divaricarpa",61,1294,NA,1,0,"","","",10935
2020-06-27,30,"Thermopsis divaricarpa",62,1214,NA,2,2,"","","",10937
2020-06-27,30,"Thermopsis divaricarpa",62,1216,NA,7,3,"","x","(1;9) in prev data should be (9;1)? Check",10938
2020-06-27,30,"Thermopsis divaricarpa",62,1222,NA,2,0,"","","",10939
2020-06-27,30,"Thermopsis divaricarpa",62,1244,NA,6,0,"whop","","",10940
2020-06-27,30,"Thermopsis divaricarpa",67,1291,NA,2,0,"","","1204 may be closer",10941
2020-06-27,30,"Thermopsis divaricarpa",68,1175,NA,1,1,"","","1 dud",10942
2020-07-01,33,"Thermopsis divaricarpa",1,1239,NA,NA,NA,"","","can't find",10943
2020-07-01,33,"Thermopsis divaricarpa",2,1007,NA,0,5,"","","",10944
2020-07-01,33,"Thermopsis divaricarpa",2,1008,NA,8,1,"","","",10945
2020-07-01,33,"Thermopsis divaricarpa",2,1009,NA,0,8,"","","",10946
2020-07-01,33,"Thermopsis divaricarpa",2,1023,NA,0,7,"","","",10947
2020-07-01,33,"Thermopsis divaricarpa",2,1054,NA,8,2,"","","stem snapped",10948
2020-07-01,33,"Thermopsis divaricarpa",3,1073,NA,4,0,"","","",10952
2020-07-01,33,"Thermopsis divaricarpa",5,1197,NA,2,0,"","","",10954
2020-07-01,33,"Thermopsis divaricarpa",6,1001,NA,0,4,"","","",10955
2020-07-01,33,"Thermopsis divaricarpa",8,1005,NA,3,2,"","","1 and 2 are done",10956
2020-07-01,33,"Thermopsis divaricarpa",9,1253,NA,0,1,"","","",10957
2020-07-01,33,"Thermopsis divaricarpa",10,1042,NA,2,2,"","","",10958
2020-07-01,33,"Thermopsis divaricarpa",10,1233,NA,0,4,"","","",10959
2020-07-01,33,"Thermopsis divaricarpa",10,1259,NA,0,2,"","","",10960
2020-07-01,33,"Thermopsis divaricarpa",10,1273,NA,1,1,"","","",10961
2020-07-01,33,"Thermopsis divaricarpa",12,1048,NA,NA,NA,"","","can't find",10962
2020-07-01,33,"Thermopsis divaricarpa",12,1146,NA,NA,NA,"","","can't find",10963
2020-07-01,33,"Thermopsis divaricarpa",13,1252,NA,7,0,"","","",10964
2020-07-01,33,"Thermopsis divaricarpa",13,1261,NA,3,0,"","","",10965
2020-07-01,33,"Thermopsis divaricarpa",14,1077,NA,0,4,"","","",10966
2020-07-01,33,"Thermopsis divaricarpa",14,1120,NA,0,8,"","","",10967
2020-07-01,33,"Thermopsis divaricarpa",14,1174,NA,0,8,"","","",10968
2020-07-01,34,"Thermopsis divaricarpa",14,1212,NA,0,3,"","","",10969
2020-07-01,34,"Thermopsis divaricarpa",14,1219,NA,0,4,"","","1 aborted",10970
2020-07-01,34,"Thermopsis divaricarpa",14,1247,NA,0,1,"","","",10971
2020-07-01,34,"Thermopsis divaricarpa",18,1223,NA,1,0,"","","",10972
2020-07-01,34,"Thermopsis divaricarpa",18,1258,NA,9,1,"","","",10973
2020-07-01,34,"Thermopsis divaricarpa",19,1227,NA,1,5,"","","OUTSIDE NE; spider web",10974
2020-07-01,34,"Thermopsis divaricarpa",21,1033,NA,3,0,"","","is 1044; collected tag 1044",10975
2020-07-01,34,"Thermopsis divaricarpa",22,1025,NA,1,2,"","x","prev flw where?",10976
2020-07-01,34,"Thermopsis divaricarpa",22,1055,NA,3,2,"","","",10977
2020-07-01,34,"Thermopsis divaricarpa",22,1056,NA,0,0,"","","no flw",10978
2020-07-01,34,"Thermopsis divaricarpa",22,1057,NA,0,9,"","","3 ped scars?",10979
2020-07-01,34,"Thermopsis divaricarpa",22,1060,NA,0,0,"","","grazed",10980
2020-07-01,34,"Thermopsis divaricarpa",22,1065,NA,0,1,"","","seed",10981
2020-07-01,34,"Thermopsis divaricarpa",22,1071,NA,0,2,"","x","likely is 1077; look for other tags in improve",10982
2020-07-01,34,"Thermopsis divaricarpa",22,1079,NA,0,4,"","","",10984
2020-07-01,34,"Thermopsis divaricarpa",22,1084,NA,0,3,"whdone","","",10985
2020-07-01,34,"Thermopsis divaricarpa",22,1119,NA,0,0,"","","looks like never flowered",10986
2020-07-01,34,"Thermopsis divaricarpa",22,1166,NA,2,0,"","","",10987
2020-07-01,34,"Thermopsis divaricarpa",22,1271,NA,0,3,"","","",10988
2020-07-01,34,"Thermopsis divaricarpa",22,1283,NA,1,1,"","","",10989
2020-07-01,34,"Thermopsis divaricarpa",22,1284,NA,4,0,"","","",10990
2020-07-01,34,"Thermopsis divaricarpa",22,1297,NA,1,7,"","","",10991
2020-07-01,34,"Thermopsis divaricarpa",23,1272,NA,13,2,"","","",10992
2020-07-01,34,"Thermopsis divaricarpa",24,1045,NA,0,4,"","","",10993
2020-07-01,34,"Thermopsis divaricarpa",24,1064,NA,1,0,"","","",10994
2020-07-01,34,"Thermopsis divaricarpa",24,1289,NA,0,0,"","","yv",10995
2020-07-01,35,"Thermopsis divaricarpa",25,1106,NA,0,4,"","","",10998
2020-07-01,35,"Thermopsis divaricarpa",25,1113,NA,0,3,"","","",10999
2020-07-01,35,"Thermopsis divaricarpa",26,1082,NA,0,3,"","","",11000
2020-07-01,35,"Thermopsis divaricarpa",26,1173,NA,NA,NA,"","","can't find",11001
2020-07-01,35,"Thermopsis divaricarpa",26,1250,NA,0,1,"","","",11002
2020-07-01,35,"Thermopsis divaricarpa",27,1061,NA,0,3,"","","",11003
2020-07-01,35,"Thermopsis divaricarpa",27,1076,NA,10,6,"","","",11004
2020-07-01,35,"Thermopsis divaricarpa",27,1092,2,18,4,"whdone","","snapped/kinked stem",11005
2020-07-01,35,"Thermopsis divaricarpa",27,1097,NA,4,6,"","","",11006
2020-07-01,35,"Thermopsis divaricarpa",27,1108,NA,7,5,"","","",11007
2020-07-01,35,"Thermopsis divaricarpa",27,1179,NA,5,0,"","","",11008
2020-07-01,35,"Thermopsis divaricarpa",27,1195,NA,6,0,"","","",11009
2020-07-01,35,"Thermopsis divaricarpa",27,1249,NA,6,0,"","","",11010
2020-07-01,35,"Thermopsis divaricarpa",27,1254,NA,5,0,"","","",11011
2020-07-01,35,"Thermopsis divaricarpa",27,1276,NA,6,0,"","","",11012
2020-07-01,35,"Thermopsis divaricarpa",27,1280,NA,7,0,"","","",11013
2020-07-01,35,"Thermopsis divaricarpa",27,1286,NA,1,0,"","","",11014
2020-07-01,35,"Thermopsis divaricarpa",27,1298,NA,6,0,"","","",11015
2020-07-01,35,"Thermopsis divaricarpa",28,1251,NA,1,4,"whdone","","OUTSIDE SW",11016
2020-07-01,35,"Thermopsis divaricarpa",29,1260,NA,5,0,"","","forgot this on 6/27 :(",11017
2020-07-01,35,"Thermopsis divaricarpa",30,1255,NA,6,0,"","","",11018
2020-07-01,35,"Thermopsis divaricarpa",31,1094,0,0,9,"","","; 1094+1099 records merged SN Jan 2021",11019
2020-07-01,35,"Thermopsis divaricarpa",31,1100,NA,1,2,"","","",11021
2020-07-01,35,"Thermopsis divaricarpa",31,1101,NA,0,5,"","","",11022
2020-07-01,35,"Thermopsis divaricarpa",31,1107,NA,9,10,"","","some seeding",11023
2020-07-01,35,"Thermopsis divaricarpa",31,1238,NA,NA,NA,"","","is 1248? Check",11024
2020-07-01,35,"Thermopsis divaricarpa",31,1248,NA,0,1,"","","",11025
2020-07-01,35,"Thermopsis divaricarpa",32,1109,NA,9,1,"","","is inside plot",11026
2020-07-01,35,"Thermopsis divaricarpa",33,1059,NA,0,8,"","","1 fl lost (petal present rest gone)",11027
2020-07-01,35,"Thermopsis divaricarpa",33,1266,NA,2,2,"","","",11028
2020-07-01,36,"Thermopsis divaricarpa",43,1203,NA,1,0,"","","1 dud",11030
2020-07-01,36,"Thermopsis divaricarpa",43,1246,NA,2,0,"","","",11031
2020-07-01,36,"Thermopsis divaricarpa",43,1268,NA,1,0,"","","",11032
2020-07-01,36,"Thermopsis divaricarpa",43,1278,NA,2,0,"","","",11033
2020-07-01,36,"Thermopsis divaricarpa",43,1285,NA,2,0,"","","",11034
2020-07-01,36,"Thermopsis divaricarpa",43,1290,NA,6,1,"","","",11035
2020-07-01,36,"Thermopsis divaricarpa",43,1292,NA,2,0,"","","",11036
2020-07-01,36,"Thermopsis divaricarpa",43,1293,NA,1,6,"","","",11037
2020-07-01,36,"Thermopsis divaricarpa",44,1154,NA,0,2,"","","seed; OUTSIDE NW",11038
2020-07-01,36,"Thermopsis divaricarpa",45,1207,NA,1,3,"","","",11039
2020-07-01,36,"Thermopsis divaricarpa",45,1257,NA,0,3,"","","",11040
2020-07-01,36,"Thermopsis divaricarpa",45,1264,NA,0,2,"","","",11041
2020-07-01,36,"Thermopsis divaricarpa",45,1265,NA,1,0,"","","",11042
2020-07-01,36,"Thermopsis divaricarpa",45,1275,NA,0,3,"","","",11043
2020-07-01,36,"Thermopsis divaricarpa",45,1287,NA,NA,NA,"","","can't find; check tags",11044
2020-07-01,36,"Thermopsis divaricarpa",46,1029,NA,0,2,"","","",11045
2020-07-01,36,"Thermopsis divaricarpa",46,1087,NA,0,13,"","","seeds",11047
2020-07-01,36,"Thermopsis divaricarpa",46,1089,NA,0,4,"","","",11048
2020-07-01,36,"Thermopsis divaricarpa",46,1224,NA,0,1,"","","seeds not ready",11049
2020-07-01,36,"Thermopsis divaricarpa",47,1066,NA,0,2,"","","",11050
2020-07-01,36,"Thermopsis divaricarpa",47,1072,NA,3,4,"","","",11051
2020-07-01,36,"Thermopsis divaricarpa",47,1086,NA,0,2,"","","",11052
2020-07-01,36,"Thermopsis divaricarpa",47,1093,NA,3,0,"","","",11053
2020-07-01,36,"Thermopsis divaricarpa",47,1118,2,5,0,"","","",11054
2020-07-01,36,"Thermopsis divaricarpa",47,1156,NA,7,3,"","","",11055
2020-07-01,36,"Thermopsis divaricarpa",47,1235,NA,3,0,"","","",11057
2020-07-01,37,"Thermopsis divaricarpa",48,1012,NA,0,13,"","","",11058
2020-07-01,37,"Thermopsis divaricarpa",48,1036,NA,0,9,"","","only 3 seeds left",11059
2020-07-01,37,"Thermopsis divaricarpa",48,1083,NA,0,6,"","","",11062
2020-07-01,37,"Thermopsis divaricarpa",48,1085,NA,0,6,"","","",11063
2020-07-01,37,"Thermopsis divaricarpa",48,1098,NA,NA,NA,"","","can't find",11064
2020-07-01,37,"Thermopsis divaricarpa",48,1177,NA,0,0,"","","grazed",11065
2020-07-01,37,"Thermopsis divaricarpa",48,1184,NA,0,7,"","","",11067
2020-07-01,37,"Thermopsis divaricarpa",48,1240,NA,0,2,"","","",11068
2020-07-01,37,"Thermopsis divaricarpa",48,1274,NA,0,2,"","","",11069
2020-07-01,37,"Thermopsis divaricarpa",49,1104,NA,0,5,"","","",11070
2020-07-01,37,"Thermopsis divaricarpa",49,1121,NA,0,4,"","","seeds",11071
2020-07-01,37,"Thermopsis divaricarpa",49,1171,NA,0,4,"","","",11072
2020-07-01,38,"Thermopsis divaricarpa",49,1215,NA,0,16,"","","",11073
2020-07-01,38,"Thermopsis divaricarpa",49,1221,NA,NA,NA,"","","can't find",11074
2020-07-01,38,"Thermopsis divaricarpa",49,1270,0,0,2,"","","; 1270+1228 records merged SN Jan 2021",11075
2020-07-01,38,"Thermopsis divaricarpa",49,1234,NA,NA,NA,"","","can't find",11077
2020-07-01,38,"Thermopsis divaricarpa",49,1241,NA,1,15,"","","",11078
2020-07-01,38,"Thermopsis divaricarpa",49,1243,NA,NA,NA,"","","can't find",11079
2020-07-01,38,"Thermopsis divaricarpa",49,1279,NA,0,2,"","","",11080
2020-07-01,38,"Thermopsis divaricarpa",49,1282,NA,4,0,"","","",11081
2020-07-01,38,"Thermopsis divaricarpa",50,1028,NA,1,5,"","","",11082
2020-07-01,38,"Thermopsis divaricarpa",50,1167,NA,0,2,"","","seeds gone",11083
2020-07-01,38,"Thermopsis divaricarpa",50,1169,NA,0,3,"","","",11084
2020-07-01,38,"Thermopsis divaricarpa",50,1187,NA,0,1,"","","seed",11086
2020-07-01,38,"Thermopsis divaricarpa",50,1206,NA,0,0,"","","grazed",11087
2020-07-01,38,"Thermopsis divaricarpa",50,1225,NA,0,3,"","","",11088
2020-07-01,38,"Thermopsis divaricarpa",50,1281,NA,0,1,"","","",11090
2020-07-01,38,"Thermopsis divaricarpa",51,1230,NA,0,6,"","","",11091
2020-07-01,38,"Thermopsis divaricarpa",51,1237,NA,3,3,"","","",11092
2020-07-01,38,"Thermopsis divaricarpa",51,1256,NA,1,1,"","","",11093
2020-07-01,38,"Thermopsis divaricarpa",51,1267,NA,1,3,"","","spider web",11094
2020-07-01,38,"Thermopsis divaricarpa",51,1277,NA,1,1,"","","",11095
2020-07-01,38,"Thermopsis divaricarpa",61,1125,NA,0,0,"","","yv",11096
2020-07-01,38,"Thermopsis divaricarpa",61,1170,NA,3,0,"","","kinked/snapped stem",11097
2020-07-01,38,"Thermopsis divaricarpa",61,1181,NA,0,0,"","","yv",11098
2020-07-01,38,"Thermopsis divaricarpa",61,1294,2,5,2,"","","",11100
2020-07-01,39,"Thermopsis divaricarpa",62,1214,NA,0,3,"","","",11102
2020-07-01,39,"Thermopsis divaricarpa",62,1216,NA,1,10,"","","",11103
2020-07-01,39,"Thermopsis divaricarpa",62,1222,NA,0,2,"","","",11104
2020-07-01,39,"Thermopsis divaricarpa",62,1244,NA,0,6,"whdone","","",11105
2020-07-01,39,"Thermopsis divaricarpa",62,1288,NA,0,1,"","","",11106
2020-07-01,39,"Thermopsis divaricarpa",62,1295,NA,2,3,"","","tt fell",11107
2020-07-01,39,"Thermopsis divaricarpa",65,1130,NA,1,0,"","","",11108
2020-07-01,39,"Thermopsis divaricarpa",67,1291,NA,2,0,"","","1204 is yv",11109
2020-07-01,39,"Thermopsis divaricarpa",68,1175,NA,0,1,"","","tt fell",11110
2020-07-01,39,"Thermopsis divaricarpa",68,1263,NA,1,0,"","","",11111
2020-07-05,41,"Thermopsis divaricarpa",1,1239,NA,0,0,NA,"","OUTSIDE SE",11112
2020-07-05,41,"Thermopsis divaricarpa",2,1007,NA,0,4,NA,"","",11113
2020-07-05,41,"Thermopsis divaricarpa",2,1008,NA,0,9,NA,"","",11114
2020-07-05,41,"Thermopsis divaricarpa",2,1009,NA,0,7,NA,"","",11115
2020-07-05,41,"Thermopsis divaricarpa",2,1023,NA,0,6,NA,"","",11116
2020-07-05,41,"Thermopsis divaricarpa",2,1054,NA,0,2,NA,"","1 stem grazed",11117
2020-07-05,41,"Thermopsis divaricarpa",2,1262,NA,0,2,NA,"","",11119
2020-07-05,41,"Thermopsis divaricarpa",3,1073,NA,0,4,NA,"","",11120
2020-07-05,41,"Thermopsis divaricarpa",5,1197,NA,5,2,NA,"","",11121
2020-07-05,41,"Thermopsis divaricarpa",6,1001,NA,0,4,NA,"","",11122
2020-07-05,41,"Thermopsis divaricarpa",8,1005,NA,0,5,NA,"","",11123
2020-07-05,41,"Thermopsis divaricarpa",9,1253,NA,0,1,NA,"","",11124
2020-07-05,41,"Thermopsis divaricarpa",10,1042,NA,0,4,NA,"","",11125
2020-07-05,41,"Thermopsis divaricarpa",10,1233,NA,0,4,NA,"","",11126
2020-07-05,41,"Thermopsis divaricarpa",10,1259,NA,0,1,NA,"","",11127
2020-07-05,41,"Thermopsis divaricarpa",10,1273,NA,0,1,NA,"","",11128
2020-07-05,41,"Thermopsis divaricarpa",13,1252,NA,1,6,NA,"","",11131
2020-07-05,41,"Thermopsis divaricarpa",13,1261,NA,4,3,NA,"","",11132
2020-07-05,42,"Thermopsis divaricarpa",18,1223,NA,0,1,NA,"","",11133
2020-07-05,42,"Thermopsis divaricarpa",18,1258,NA,1,8,NA,"","",11134
2020-07-05,42,"Thermopsis divaricarpa",19,1227,NA,0,6,NA,"","OUTSIDE NE",11135
2020-07-05,42,"Thermopsis divaricarpa",21,1033,NA,0,3,NA,"","",11136
2020-07-05,42,"Thermopsis divaricarpa",22,1025,NA,0,3,NA,"","",11137
2020-07-05,42,"Thermopsis divaricarpa",22,1055,NA,0,5,NA,"","",11138
2020-07-05,42,"Thermopsis divaricarpa",22,1057,NA,0,8,NA,"","",11139
2020-07-05,42,"Thermopsis divaricarpa",22,1071,NA,0,2,NA,"","",11140
2020-07-05,42,"Thermopsis divaricarpa",22,1079,NA,0,3,NA,"","",11142
2020-07-05,42,"Thermopsis divaricarpa",22,1084,NA,0,3,NA,"","",11143
2020-07-05,42,"Thermopsis divaricarpa",22,1119,NA,0,0,NA,"","no sign this ever flowered",11144
2020-07-05,42,"Thermopsis divaricarpa",22,1166,NA,2,0,NA,"","",11145
2020-07-05,42,"Thermopsis divaricarpa",22,1271,NA,0,3,NA,"","",11146
2020-07-05,42,"Thermopsis divaricarpa",22,1283,NA,0,2,NA,"","",11147
2020-07-05,42,"Thermopsis divaricarpa",22,1284,NA,2,2,NA,"","",11148
2020-07-05,42,"Thermopsis divaricarpa",22,1297,NA,0,8,NA,"","",11149
2020-07-05,42,"Thermopsis divaricarpa",23,1272,NA,5,11,NA,"","",11150
2020-07-05,42,"Thermopsis divaricarpa",24,1045,NA,0,4,NA,"","",11151
2020-07-05,42,"Thermopsis divaricarpa",24,1064,NA,0,1,NA,"","",11152
2020-07-05,42,"Thermopsis divaricarpa",24,1289,NA,1,0,NA,"","",11153
2020-07-05,42,"Thermopsis divaricarpa",25,1106,NA,0,0,NA,"","tt fell",11155
2020-07-05,42,"Thermopsis divaricarpa",26,1173,NA,0,0,NA,"","is 1174? No sign ever flowered",11156
2020-07-05,43,"Thermopsis divaricarpa",27,1076,NA,0,15,NA,"","",11157
2020-07-05,43,"Thermopsis divaricarpa",27,1092,2,5,15,NA,"","",11158
2020-07-05,43,"Thermopsis divaricarpa",27,1097,NA,0,10,NA,"","",11159
2020-07-05,43,"Thermopsis divaricarpa",27,1108,NA,2,11,NA,"","",11160
2020-07-05,43,"Thermopsis divaricarpa",27,1179,NA,8,0,NA,"","",11161
2020-07-05,43,"Thermopsis divaricarpa",27,1195,NA,5,4,NA,"","",11162
2020-07-05,43,"Thermopsis divaricarpa",27,1249,NA,7,1,NA,"","",11163
2020-07-05,43,"Thermopsis divaricarpa",27,1254,NA,1,4,NA,"","",11164
2020-07-05,43,"Thermopsis divaricarpa",27,1276,NA,1,5,NA,"","",11165
2020-07-05,43,"Thermopsis divaricarpa",27,1280,NA,2,4,NA,"","",11166
2020-07-05,43,"Thermopsis divaricarpa",27,1286,NA,0,0,NA,"","grazed",11167
2020-07-05,43,"Thermopsis divaricarpa",27,1298,NA,0,6,NA,"","",11168
2020-07-05,43,"Thermopsis divaricarpa",28,1251,NA,0,5,NA,"","OUTSIDE SW",11169
2020-07-05,43,"Thermopsis divaricarpa",29,1260,NA,1,4,NA,"","",11170
2020-07-05,43,"Thermopsis divaricarpa",30,1255,NA,2,5,NA,"","",11171
2020-07-05,43,"Thermopsis divaricarpa",31,1094,0,0,0,"NA","","can't find; 1094+1099 records merged SN Jan 2021",11172
2020-07-05,43,"Thermopsis divaricarpa",31,1100,NA,0,3,NA,"","",11173
2020-07-05,43,"Thermopsis divaricarpa",31,1107,NA,1,17,NA,"","",11174
2020-07-05,43,"Thermopsis divaricarpa",31,1248,NA,0,1,NA,"","",11175
2020-07-05,43,"Thermopsis divaricarpa",32,1109,NA,4,8,NA,"","",11176
2020-07-05,43,"Thermopsis divaricarpa",33,1059,NA,0,8,NA,"","",11177
2020-07-05,43,"Thermopsis divaricarpa",33,1266,NA,0,4,NA,"","",11178
2020-07-05,43,"Thermopsis divaricarpa",43,1203,NA,0,1,NA,"","",11180
2020-07-05,43,"Thermopsis divaricarpa",43,1246,NA,2,1,NA,"","",11181
2020-07-05,43,"Thermopsis divaricarpa",43,1268,NA,0,1,NA,"","",11182
2020-07-05,43,"Thermopsis divaricarpa",43,1278,NA,0,2,NA,"","",11183
2020-07-05,43,"Thermopsis divaricarpa",43,1285,NA,0,1,NA,"","",11184
2020-07-05,44,"Thermopsis divaricarpa",43,1290,NA,2,7,NA,"","",11185
2020-07-05,44,"Thermopsis divaricarpa",43,1292,NA,0,2,NA,"","",11186
2020-07-05,44,"Thermopsis divaricarpa",43,1293,NA,6,0,NA,"","",11187
2020-07-05,44,"Thermopsis divaricarpa",44,1154,NA,0,2,NA,"","OUTSDE NW",11188
2020-07-05,44,"Thermopsis divaricarpa",45,1207,NA,0,4,NA,"","",11189
2020-07-05,44,"Thermopsis divaricarpa",45,1257,NA,0,2,NA,"","",11190
2020-07-05,44,"Thermopsis divaricarpa",45,1264,NA,0,2,NA,"","",11191
2020-07-05,44,"Thermopsis divaricarpa",45,1265,NA,0,1,NA,"","",11192
2020-07-05,44,"Thermopsis divaricarpa",45,1275,NA,0,3,NA,"","",11193
2020-07-05,44,"Thermopsis divaricarpa",45,1287,NA,NA,NA,NA,"","can't find",11194
2020-07-05,44,"Thermopsis divaricarpa",46,1029,NA,0,1,NA,"","dropped a bunch",11195
2020-07-05,44,"Thermopsis divaricarpa",47,1066,NA,0,2,NA,"","",11196
2020-07-05,44,"Thermopsis divaricarpa",47,1072,NA,0,7,NA,"","",11197
2020-07-05,44,"Thermopsis divaricarpa",47,1086,NA,0,1,NA,"","",11198
2020-07-05,44,"Thermopsis divaricarpa",47,1093,NA,0,3,NA,"","",11199
2020-07-05,44,"Thermopsis divaricarpa",47,1118,2,6,2,NA,"","",11200
2020-07-05,44,"Thermopsis divaricarpa",47,1156,NA,0,2,NA,"x","others? No other stems near",11201
2020-07-05,44,"Thermopsis divaricarpa",47,1235,NA,1,2,NA,"","",11203
2020-07-05,45,"Thermopsis divaricarpa",48,1098,NA,NA,NA,NA,"","can't find",11205
2020-07-05,45,"Thermopsis divaricarpa",49,1221,NA,NA,NA,NA,"","can't find",11207
2020-07-05,45,"Thermopsis divaricarpa",49,1234,NA,0,0,NA,"","grazed",11209
2020-07-05,45,"Thermopsis divaricarpa",49,1241,NA,0,15,NA,"","",11210
2020-07-05,45,"Thermopsis divaricarpa",49,1243,NA,NA,NA,NA,"","can't find",11211
2020-07-05,45,"Thermopsis divaricarpa",49,1282,NA,0,5,NA,"","",11212
2020-07-05,46,"Thermopsis divaricarpa",50,1028,NA,0,3,NA,"","",11213
2020-07-05,46,"Thermopsis divaricarpa",50,1206,NA,0,0,NA,"","grazed",11215
2020-07-05,46,"Thermopsis divaricarpa",50,1225,NA,0,3,NA,"","",11216
2020-07-05,46,"Thermopsis divaricarpa",50,1281,NA,0,1,NA,"","",11218
2020-07-05,46,"Thermopsis divaricarpa",51,1230,NA,0,5,NA,"","",11219
2020-07-05,46,"Thermopsis divaricarpa",51,1237,NA,0,6,NA,"","",11220
2020-07-05,46,"Thermopsis divaricarpa",51,1256,NA,0,2,NA,"","",11221
2020-07-05,46,"Thermopsis divaricarpa",51,1267,NA,0,4,NA,"","",11222
2020-07-05,46,"Thermopsis divaricarpa",51,1277,NA,0,2,NA,"","",11223
2020-07-05,46,"Thermopsis divaricarpa",61,1125,NA,4,0,NA,"","",11224
2020-07-05,46,"Thermopsis divaricarpa",61,1170,NA,5,3,NA,"","",11225
2020-07-05,46,"Thermopsis divaricarpa",61,1181,NA,0,1,NA,"","",11226
2020-07-05,46,"Thermopsis divaricarpa",61,1294,NA,5,3,NA,"","",11228
2020-07-05,46,"Thermopsis divaricarpa",62,1214,NA,0,3,NA,"","",11230
2020-07-05,46,"Thermopsis divaricarpa",62,1216,NA,0,11,NA,"","",11231
2020-07-05,46,"Thermopsis divaricarpa",62,1222,NA,0,2,NA,"","",11232
2020-07-05,46,"Thermopsis divaricarpa",62,1244,NA,0,5,NA,"","",11233
2020-07-05,46,"Thermopsis divaricarpa",62,1295,NA,0,5,NA,"","",11234
2020-07-05,46,"Thermopsis divaricarpa",65,1130,NA,4,0,NA,"","",11235
2020-07-05,46,"Thermopsis divaricarpa",67,1291,NA,0,3,NA,"","",11236
2020-07-05,46,"Thermopsis divaricarpa",68,1175,NA,0,1,NA,"","1204 is (4;0)",11237
2020-07-05,46,"Thermopsis divaricarpa",68,1263,NA,0,1,NA,"","loose tt in plot",11238
2020-07-09,48,"Thermopsis divaricarpa",1,1239,NA,0,0,NA,"","",11239
2020-07-09,48,"Thermopsis divaricarpa",2,1008,NA,0,9,NA,"","",11240
2020-07-09,48,"Thermopsis divaricarpa",2,1015,NA,0,1,NA,"","",11241
2020-07-09,48,"Thermopsis divaricarpa",2,1054,NA,0,2,NA,"","",11242
2020-07-09,48,"Thermopsis divaricarpa",2,1262,NA,0,2,NA,"","seed is huge",11244
2020-07-09,48,"Thermopsis divaricarpa",3,1073,NA,0,4,NA,"","",11245
2020-07-09,48,"Thermopsis divaricarpa",3,1186,NA,3,2,NA,"","",11246
2020-07-09,48,"Thermopsis divaricarpa",3,1188,NA,3,0,NA,"","",11247
2020-07-09,48,"Thermopsis divaricarpa",3,1200,NA,3,6,NA,"","",11248
2020-07-09,48,"Thermopsis divaricarpa",5,1129,NA,1,0,NA,"","",11249
2020-07-09,48,"Thermopsis divaricarpa",5,1197,NA,0,7,NA,"","",11250
2020-07-09,48,"Thermopsis divaricarpa",8,1005,NA,0,5,NA,"","",11251
2020-07-09,48,"Thermopsis divaricarpa",10,1042,NA,0,4,NA,"","",11252
2020-07-09,48,"Thermopsis divaricarpa",10,1273,NA,0,1,NA,"","",11253
2020-07-09,48,"Thermopsis divaricarpa",13,1193,NA,0,4,NA,"","",11256
2020-07-09,48,"Thermopsis divaricarpa",13,1252,NA,0,7,NA,"","",11257
2020-07-09,48,"Thermopsis divaricarpa",13,1261,NA,0,8,NA,"","",11258
2020-07-09,48,"Thermopsis divaricarpa",13,1302,NA,0,4,NA,"","",11259
2020-07-09,49,"Thermopsis divaricarpa",18,1223,NA,0,1,NA,"","",11260
2020-07-09,49,"Thermopsis divaricarpa",18,1258,NA,0,8,NA,"","",11261
2020-07-09,49,"Thermopsis divaricarpa",19,1227,NA,0,6,NA,"","",11262
2020-07-09,49,"Thermopsis divaricarpa",20,1306,NA,1,0,NA,"","",11263
2020-07-09,49,"Thermopsis divaricarpa",21,1033,NA,0,3,NA,"","",11264
2020-07-09,49,"Thermopsis divaricarpa",22,1025,NA,0,3,NA,"","",11265
2020-07-09,49,"Thermopsis divaricarpa",22,1055,NA,0,5,NA,"","",11266
2020-07-09,49,"Thermopsis divaricarpa",22,1166,NA,0,2,NA,"","",11267
2020-07-09,49,"Thermopsis divaricarpa",22,1283,NA,0,2,NA,"","",11268
2020-07-09,49,"Thermopsis divaricarpa",22,1284,NA,0,4,NA,"","",11269
2020-07-09,49,"Thermopsis divaricarpa",22,1297,NA,0,7,NA,"","",11270
2020-07-09,49,"Thermopsis divaricarpa",23,1272,NA,0,19,NA,"","OUTSIDE NE",11271
2020-07-09,49,"Thermopsis divaricarpa",24,1064,NA,0,1,NA,"","",11272
2020-07-09,49,"Thermopsis divaricarpa",24,1289,NA,0,1,NA,"","",11273
2020-07-09,49,"Thermopsis divaricarpa",24,1315,NA,0,2,NA,"","",11274
2020-07-09,49,"Thermopsis divaricarpa",25,1106,1,0,0,NA,"q","mistyped prev. record? No evidence of fl",11276
2020-07-09,50,"Thermopsis divaricarpa",27,1076,NA,0,15,NA,"","",11278
2020-07-09,50,"Thermopsis divaricarpa",27,1092,NA,0,22,NA,"","",11279
2020-07-09,50,"Thermopsis divaricarpa",27,1097,NA,0,10,NA,"","",11280
2020-07-09,50,"Thermopsis divaricarpa",27,1108,NA,0,13,NA,"","",11281
2020-07-09,50,"Thermopsis divaricarpa",27,1179,NA,2,6,NA,"","",11282
2020-07-09,50,"Thermopsis divaricarpa",27,1195,NA,0,9,NA,"","",11283
2020-07-09,50,"Thermopsis divaricarpa",27,1249,NA,0,8,NA,"","",11284
2020-07-09,50,"Thermopsis divaricarpa",27,1254,NA,0,5,NA,"","",11285
2020-07-09,50,"Thermopsis divaricarpa",27,1276,NA,0,6,NA,"","",11286
2020-07-09,50,"Thermopsis divaricarpa",27,1280,NA,0,6,NA,"","",11287
2020-07-09,50,"Thermopsis divaricarpa",27,1286,NA,NA,NA,NA,"","[forgotten?]",11288
2020-07-09,50,"Thermopsis divaricarpa",27,1298,NA,0,6,NA,"","",11289
2020-07-09,50,"Thermopsis divaricarpa",28,1251,NA,0,5,NA,"","OUTSIDE SW",11290
2020-07-09,50,"Thermopsis divaricarpa",29,1260,NA,0,5,NA,"","",11291
2020-07-09,50,"Thermopsis divaricarpa",29,1300,NA,3,1,NA,"","",11292
2020-07-09,50,"Thermopsis divaricarpa",30,1194,NA,8,0,NA,"","",11293
2020-07-09,50,"Thermopsis divaricarpa",30,1255,NA,0,6,NA,"","",11294
2020-07-09,50,"Thermopsis divaricarpa",31,1094,0,0,0,"NA","","likely is 1094; 1094+1099 records merged SN Jan 2021",11295
2020-07-09,50,"Thermopsis divaricarpa",31,1100,NA,0,3,NA,"","",11296
2020-07-09,50,"Thermopsis divaricarpa",31,1107,NA,0,19,NA,"","",11297
2020-07-09,50,"Thermopsis divaricarpa",32,1109,NA,0,13,NA,"","",11298
2020-07-09,50,"Thermopsis divaricarpa",32,1126,NA,0,3,NA,"","spider web",11299
2020-07-09,50,"Thermopsis divaricarpa",32,1209,NA,8,0,NA,"x","tag is 1209; mprove",11300
2020-07-09,50,"Thermopsis divaricarpa",32,1316,NA,0,2,NA,"","",11301
2020-07-09,51,"Thermopsis divaricarpa",33,1266,NA,0,4,NA,"","",11302
2020-07-09,51,"Thermopsis divaricarpa",42,1309,NA,0,3,NA,"","",11304
2020-07-09,51,"Thermopsis divaricarpa",43,1203,NA,0,1,NA,"","",11305
2020-07-09,51,"Thermopsis divaricarpa",43,1246,NA,0,5,NA,"","",11306
2020-07-09,51,"Thermopsis divaricarpa",43,1268,NA,0,1,NA,"","",11307
2020-07-09,51,"Thermopsis divaricarpa",43,1278,NA,0,2,NA,"","",11308
2020-07-09,51,"Thermopsis divaricarpa",43,1285,NA,0,1,NA,"","",11309
2020-07-09,51,"Thermopsis divaricarpa",43,1290,NA,0,8,NA,"","",11310
2020-07-09,51,"Thermopsis divaricarpa",43,1292,NA,0,2,NA,"","",11311
2020-07-09,51,"Thermopsis divaricarpa",43,1293,NA,0,6,NA,"","",11312
2020-07-09,51,"Thermopsis divaricarpa",43,1299,NA,0,2,NA,"","",11313
2020-07-09,51,"Thermopsis divaricarpa",43,1311,NA,0,5,NA,"","",11314
2020-07-09,51,"Thermopsis divaricarpa",45,1207,NA,0,4,NA,"","",11315
2020-07-09,51,"Thermopsis divaricarpa",45,1265,NA,0,1,NA,"","",11316
2020-07-09,51,"Thermopsis divaricarpa",45,1287,NA,NA,NA,NA,"","is 1257?",11317
2020-07-09,51,"Thermopsis divaricarpa",47,1072,NA,0,7,NA,"","",11318
2020-07-09,51,"Thermopsis divaricarpa",47,1093,NA,0,3,NA,"","",11319
2020-07-09,51,"Thermopsis divaricarpa",47,1118,NA,1,7,NA,"","",11320
2020-07-09,52,"Thermopsis divaricarpa",47,1156,2,0,3,NA,"","",11321
2020-07-09,52,"Thermopsis divaricarpa",47,1235,NA,0,3,NA,"","",11323
2020-07-09,52,"Thermopsis divaricarpa",49,1234,NA,0,0,NA,"","",11329
2020-07-09,53,"Thermopsis divaricarpa",50,1028,NA,0,2,NA,"","",11333
2020-07-09,53,"Thermopsis divaricarpa",51,1237,NA,0,5,NA,"","",11336
2020-07-09,53,"Thermopsis divaricarpa",51,1256,NA,0,2,NA,"","",11337
2020-07-09,53,"Thermopsis divaricarpa",51,1267,NA,0,4,NA,"","",11338
2020-07-09,53,"Thermopsis divaricarpa",51,1277,NA,0,2,NA,"","1 seed dropped",11339
2020-07-09,53,"Thermopsis divaricarpa",52,1307,NA,1,1,NA,"","",11340
2020-07-09,53,"Thermopsis divaricarpa",53,1314,NA,3,2,NA,"","OUTSIDE SW",11341
2020-07-09,53,"Thermopsis divaricarpa",61,1125,NA,5,2,NA,"","",11342
2020-07-09,53,"Thermopsis divaricarpa",61,1170,NA,1,9,NA,"","",11343
2020-07-09,53,"Thermopsis divaricarpa",61,1294,NA,0,10,NA,"","",11345
2020-07-09,53,"Thermopsis divaricarpa",61,1303,NA,1,1,NA,"","",11347
2020-07-09,53,"Thermopsis divaricarpa",62,1216,NA,0,11,NA,"","",11348
2020-07-09,53,"Thermopsis divaricarpa",62,1295,NA,0,5,NA,"","",11349
2020-07-09,53,"Thermopsis divaricarpa",65,1130,NA,1,3,NA,"","",11350
2020-07-09,53,"Thermopsis divaricarpa",67,1291,NA,0,3,NA,"","1204 is (8;1)",11351
2020-07-09,53,"Thermopsis divaricarpa",68,1263,NA,0,1,NA,"","",11352
2020-07-09,53,"Thermopsis divaricarpa",69,1305,NA,3,0,NA,"","",11353
2020-07-13,55,"Thermopsis divaricarpa",3,1186,NA,0,5,NA,"","",11354
2020-07-13,55,"Thermopsis divaricarpa",3,1188,NA,0,3,NA,"","",11355
2020-07-13,55,"Thermopsis divaricarpa",3,1200,NA,0,8,NA,"","",11356
2020-07-13,55,"Thermopsis divaricarpa",5,1129,NA,0,1,NA,"","",11357
2020-07-13,55,"Thermopsis divaricarpa",5,1197,NA,0,7,NA,"","",11358
2020-07-13,55,"Thermopsis divaricarpa",13,1193,NA,0,1,NA,"","",11359
2020-07-13,55,"Thermopsis divaricarpa",13,1252,NA,0,7,NA,"","",11360
2020-07-13,55,"Thermopsis divaricarpa",13,1261,NA,0,8,NA,"","",11361
2020-07-13,55,"Thermopsis divaricarpa",13,1302,NA,0,4,NA,"","",11362
2020-07-13,55,"Thermopsis divaricarpa",18,1258,NA,0,9,NA,"","",11363
2020-07-13,55,"Thermopsis divaricarpa",20,1306,NA,0,1,NA,"","",11364
2020-07-13,56,"Thermopsis divaricarpa",22,1166,NA,0,2,NA,"","",11365
2020-07-13,56,"Thermopsis divaricarpa",22,1284,NA,0,4,NA,"","",11366
2020-07-13,56,"Thermopsis divaricarpa",23,1272,NA,0,17,NA,"","OUTSIDE NE",11367
2020-07-13,56,"Thermopsis divaricarpa",24,1289,NA,0,0,NA,"","grazed?",11368
2020-07-13,56,"Thermopsis divaricarpa",24,1315,NA,0,2,NA,"","spider web",11369
2020-07-13,56,"Thermopsis divaricarpa",27,1092,NA,0,21,NA,"","",11371
2020-07-13,56,"Thermopsis divaricarpa",27,1108,NA,0,13,NA,"","",11372
2020-07-13,56,"Thermopsis divaricarpa",27,1179,NA,0,8,NA,"","",11373
2020-07-13,56,"Thermopsis divaricarpa",27,1195,NA,0,9,NA,"","",11374
2020-07-13,56,"Thermopsis divaricarpa",27,1249,NA,0,8,NA,"","",11375
2020-07-13,56,"Thermopsis divaricarpa",27,1254,NA,0,5,NA,"","",11376
2020-07-13,56,"Thermopsis divaricarpa",27,1276,NA,0,6,NA,"","",11377
2020-07-13,56,"Thermopsis divaricarpa",27,1280,NA,0,7,NA,"","",11378
2020-07-13,56,"Thermopsis divaricarpa",29,1260,NA,0,5,NA,"","",11379
2020-07-13,56,"Thermopsis divaricarpa",29,1300,NA,0,4,NA,"","",11380
2020-07-13,57,"Thermopsis divaricarpa",30,1194,NA,1,7,NA,"","",11381
2020-07-13,57,"Thermopsis divaricarpa",30,1255,NA,0,0,NA,"","",11382
2020-07-13,57,"Thermopsis divaricarpa",31,1094,0,0,0,"NA","","1094 likely; check; 1094+1099 records merged SN Jan 2021",11383
2020-07-13,57,"Thermopsis divaricarpa",31,1107,NA,0,18,NA,"","",11384
2020-07-13,57,"Thermopsis divaricarpa",32,1109,NA,0,13,NA,"","",11385
2020-07-13,57,"Thermopsis divaricarpa",32,1126,NA,0,3,NA,"","spider web",11386
2020-07-13,57,"Thermopsis divaricarpa",32,1209,NA,0,8,NA,"x","is 1209; improve",11387
2020-07-13,57,"Thermopsis divaricarpa",42,1309,NA,0,8,NA,"","",11389
2020-07-13,57,"Thermopsis divaricarpa",43,1246,NA,0,5,NA,"","",11390
2020-07-13,57,"Thermopsis divaricarpa",43,1290,NA,0,8,NA,"","",11391
2020-07-13,57,"Thermopsis divaricarpa",43,1293,NA,0,6,NA,"","",11392
2020-07-13,57,"Thermopsis divaricarpa",43,1299,NA,0,2,NA,"","",11393
2020-07-13,57,"Thermopsis divaricarpa",43,1311,NA,0,5,NA,"","",11394
2020-07-13,58,"Thermopsis divaricarpa",47,1118,NA,0,8,NA,"","",11396
2020-07-13,58,"Thermopsis divaricarpa",47,1235,NA,0,3,NA,"","",11398
2020-07-13,58,"Thermopsis divaricarpa",49,1241,NA,0,15,NA,"","",11404
2020-07-13,58,"Thermopsis divaricarpa",49,1282,NA,0,5,NA,"","",11406
2020-07-13,58,"Thermopsis divaricarpa",52,1307,NA,0,2,NA,"","",11409
2020-07-13,58,"Thermopsis divaricarpa",53,1314,NA,0,6,NA,"","OUTSIDE SW",11410
2020-07-13,59,"Thermopsis divaricarpa",61,1125,NA,0,6,NA,"","",11411
2020-07-13,59,"Thermopsis divaricarpa",61,1170,NA,0,9,NA,"","",11412
2020-07-13,59,"Thermopsis divaricarpa",61,1294,NA,0,10,NA,"","",11414
2020-07-13,59,"Thermopsis divaricarpa",61,1303,NA,0,2,NA,"","",11416
2020-07-13,59,"Thermopsis divaricarpa",65,1130,NA,0,4,NA,"","",11417
2020-07-13,59,"Thermopsis divaricarpa",69,1305,NA,1,2,NA,"","",11418
2020-07-17,66,"Thermopsis divaricarpa",3,1186,NA,0,5,NA,NA,"",11419
2020-07-17,66,"Thermopsis divaricarpa",3,1188,NA,0,2,NA,NA,"",11420
2020-07-17,66,"Thermopsis divaricarpa",3,1200,NA,0,6,NA,NA,"spider web",11421
2020-07-17,66,"Thermopsis divaricarpa",5,1129,NA,0,1,NA,NA,"",11422
2020-07-17,66,"Thermopsis divaricarpa",20,1306,NA,0,1,NA,NA,"",11423
2020-07-17,67,"Thermopsis divaricarpa",24,1289,NA,0,0,NA,NA,"grazed",11424
2020-07-17,67,"Thermopsis divaricarpa",27,1179,NA,0,8,NA,NA,"",11425
2020-07-17,67,"Thermopsis divaricarpa",29,1300,NA,0,4,NA,NA,"",11426
2020-07-17,67,"Thermopsis divaricarpa",30,1194,NA,0,8,NA,NA,"",11427
2020-07-17,67,"Thermopsis divaricarpa",30,1255,NA,0,6,NA,NA,"",11428
2020-07-17,67,"Thermopsis divaricarpa",32,1209,NA,0,7,NA,NA,"",11429
2020-07-17,68,"Thermopsis divaricarpa",47,1118,NA,0,8,NA,NA,"",11431
2020-07-17,68,"Thermopsis divaricarpa",52,1307,NA,0,2,NA,NA,"",11434
2020-07-17,68,"Thermopsis divaricarpa",53,1314,NA,0,4,NA,NA,"",11435
2020-07-17,68,"Thermopsis divaricarpa",61,1125,NA,0,5,NA,NA,"",11436
2020-07-17,68,"Thermopsis divaricarpa",61,1170,NA,0,8,NA,NA,"",11437
2020-07-17,69,"Thermopsis divaricarpa",61,1303,NA,0,NA,NA,NA,"",11440
2020-07-17,69,"Thermopsis divaricarpa",65,1130,NA,0,4,NA,NA,"",11441
2020-07-17,69,"Thermopsis divaricarpa",67,1204,NA,0,9,NA,NA,"OUTSIDE SW",11442
2020-07-17,69,"Thermopsis divaricarpa",69,1305,NA,0,3,NA,NA,"",11443
2020-07-21,72,"Thermopsis divaricarpa",30,1194,NA,0,8,NA,NA,"",11444
2020-07-21,72,"Thermopsis divaricarpa",67,1204,NA,0,8,NA,NA,"",11449
2020-07-21,72,"Thermopsis divaricarpa",69,1305,NA,0,3,NA,NA,"",11450
